numberOfFolds	minLeafSize	minParentSize	maxNumSplit	splitCriterion	avgTrainLoss	avgTestLoss	avgAccuracy	avgPrecision	avgRecall	avgF1	entryCount	elapsedTime	predictTime
2	1	6	25	gdi	0.6289	0.6285	0.3767	0.3684	NaN	NaN	3200	0.5781	0.0000
3	1	6	25	gdi	0.6274	0.6227	0.3758	0.3734	NaN	NaN	3200	0.9219	0.0000
5	1	6	25	gdi	0.6280	0.6242	0.3771	0.3724	NaN	NaN	3200	1.2344	0.0063
2	1	6	25	twoing	0.5155	0.5202	0.4741	0.4773	NaN	NaN	3200	0.7969	0.0000
3	1	6	25	twoing	0.5071	0.5226	0.4750	0.4762	NaN	NaN	3200	0.8594	0.0000
5	1	6	25	twoing	0.5144	0.5163	0.4783	0.4822	NaN	NaN	3200	1.6563	0.0187
2	1	6	25	deviance	0.5221	0.5288	0.4716	0.4686	NaN	NaN	3200	0.5781	0.0156
3	1	6	25	deviance	0.5257	0.5308	0.4671	0.4668	NaN	NaN	3200	1.3594	0.0000
5	1	6	25	deviance	0.5250	0.5267	0.4763	0.4715	NaN	NaN	3200	1.7969	0.0000
2	1	6	100	gdi	0.3646	0.3778	0.6213	0.6204	0.7367	0.6735	3200	0.5469	0.0000
3	1	6	100	gdi	0.3698	0.3621	0.6372	0.6359	0.7416	0.6847	3200	1.0781	0.0000
5	1	6	100	gdi	0.3706	0.3770	0.6238	0.6214	0.7272	0.6701	3200	2.2656	0.0063
2	1	6	100	twoing	0.3462	0.3555	0.6442	0.6436	0.7123	0.6762	3200	1.0000	0.0000
3	1	6	100	twoing	0.3405	0.3580	0.6433	0.6415	0.7066	0.6724	3200	1.0156	0.0000
5	1	6	100	twoing	0.3391	0.3489	0.6508	0.6498	0.7063	0.6768	3200	1.5781	0.0187
2	1	6	100	deviance	0.3282	0.3384	0.6633	0.6608	0.7147	0.6866	3200	0.5781	0.0000
3	1	6	100	deviance	0.3254	0.3412	0.6576	0.6564	0.7145	0.6842	3200	0.8438	0.0052
5	1	6	100	deviance	0.3261	0.3386	0.6606	0.6598	0.7142	0.6859	3200	1.6250	0.0063
2	1	6	150	gdi	0.3250	0.3428	0.6577	0.6561	0.7289	0.6906	3200	0.8750	0.0000
3	1	6	150	gdi	0.3300	0.3464	0.6515	0.6521	0.7351	0.6910	3200	1.1406	0.0052
5	1	6	150	gdi	0.3290	0.3379	0.6626	0.6609	0.7425	0.6993	3200	1.7500	0.0000
2	1	6	150	twoing	0.2912	0.3026	0.6991	0.6973	0.7300	0.7133	3200	0.6250	0.0000
3	1	6	150	twoing	0.2885	0.3093	0.6909	0.6899	0.7283	0.7086	3200	1.7813	0.0000
5	1	6	150	twoing	0.2897	0.3053	0.6946	0.6939	0.7254	0.7093	3200	1.8125	0.0000
2	1	6	150	deviance	0.2767	0.2943	0.7037	0.7039	0.7329	0.7181	3200	0.7969	0.0000
3	1	6	150	deviance	0.2758	0.3004	0.6988	0.6980	0.7342	0.7156	3200	0.8750	0.0000
5	1	6	150	deviance	0.2745	0.2952	0.7039	0.7034	0.7334	0.7181	3200	1.6406	0.0250
2	1	6	200	gdi	0.2926	0.2995	0.7011	0.6993	0.7472	0.7225	3200	0.6250	0.0234
3	1	6	200	gdi	0.2829	0.3033	0.6968	0.6953	0.7465	0.7200	3200	1.1406	0.0625
5	1	6	200	gdi	0.2952	0.3113	0.6880	0.6876	0.7462	0.7156	3200	1.6406	0.0187
2	1	6	200	twoing	0.2756	0.2928	0.7067	0.7069	0.7482	0.7269	3200	0.7031	0.0000
3	1	6	200	twoing	0.2695	0.2957	0.7043	0.7025	0.7335	0.7176	3200	1.0781	0.0000
5	1	6	200	twoing	0.2645	0.2890	0.7097	0.7098	0.7404	0.7248	3200	1.3594	0.0094
2	1	6	200	deviance	0.2675	0.2840	0.7145	0.7140	0.7395	0.7265	3200	0.8438	0.0000
3	1	6	200	deviance	0.2541	0.2867	0.7143	0.7123	0.7429	0.7272	3200	0.9219	0.0052
5	1	6	200	deviance	0.2640	0.2820	0.7182	0.7169	0.7448	0.7306	3200	1.6094	0.0000
2	1	6	400	gdi	0.1954	0.2456	0.7547	0.7537	0.7852	0.7691	3200	1.0625	0.0000
3	1	6	400	gdi	0.1956	0.2348	0.7640	0.7644	0.7985	0.7811	3200	2.3750	0.0156
5	1	6	400	gdi	0.2003	0.2356	0.7651	0.7642	0.7981	0.7808	3200	2.3281	0.0187
2	1	6	400	twoing	0.1798	0.2280	0.7720	0.7720	0.7804	0.7762	3200	0.7031	0.0000
3	1	6	400	twoing	0.1783	0.2227	0.7769	0.7766	0.7835	0.7800	3200	1.2813	0.0000
5	1	6	400	twoing	0.1830	0.2326	0.7660	0.7662	0.7774	0.7718	3200	1.9219	0.0000
2	1	6	400	deviance	0.1705	0.2122	0.7892	0.7876	0.7956	0.7916	3200	0.6719	0.0000
3	1	6	400	deviance	0.1643	0.2114	0.7894	0.7880	0.7948	0.7914	3200	1.0000	0.0000
5	1	6	400	deviance	0.1633	0.2079	0.7913	0.7913	0.7979	0.7946	3200	1.7969	0.0000
2	1	6	800	gdi	0.0996	0.1801	0.8206	0.8195	0.8250	0.8222	3200	0.6406	0.0000
3	1	6	800	gdi	0.1012	0.1714	0.8280	0.8280	0.8353	0.8316	3200	1.3125	0.0000
5	1	6	800	gdi	0.1037	0.1798	0.8199	0.8198	0.8278	0.8238	3200	1.8125	0.0094
2	1	6	800	twoing	0.0937	0.1705	0.8280	0.8285	0.8310	0.8297	3200	0.7344	0.0000
3	1	6	800	twoing	0.0919	0.1693	0.8315	0.8305	0.8335	0.8320	3200	1.1875	0.0000
5	1	6	800	twoing	0.0920	0.1682	0.8319	0.8312	0.8364	0.8338	3200	1.9688	0.0000
2	1	6	800	deviance	0.0808	0.1673	0.8327	0.8321	0.8365	0.8343	3200	0.9219	0.0000
3	1	6	800	deviance	0.0775	0.1655	0.8344	0.8340	0.8366	0.8353	3200	1.0781	0.0313
5	1	6	800	deviance	0.0786	0.1579	0.8422	0.8416	0.8437	0.8426	3200	1.7656	0.0406
2	1	6	1600	gdi	0.0410	0.1462	0.8514	0.8531	0.8527	0.8529	3200	0.8750	0.0859
3	1	6	1600	gdi	0.0400	0.1405	0.8591	0.8590	0.8593	0.8592	3200	1.4844	0.0417
5	1	6	1600	gdi	0.0407	0.1487	0.8511	0.8507	0.8520	0.8513	3200	1.8594	0.0031
2	1	6	1600	twoing	0.0413	0.1450	0.8544	0.8545	0.8561	0.8553	3200	0.8750	0.0391
3	1	6	1600	twoing	0.0429	0.1510	0.8491	0.8486	0.8505	0.8495	3200	1.0938	0.0000
5	1	6	1600	twoing	0.0434	0.1526	0.8474	0.8470	0.8484	0.8477	3200	2.2031	0.0000
2	1	6	1600	deviance	0.0394	0.1395	0.8598	0.8596	0.8609	0.8602	3200	0.9375	0.0469
3	1	6	1600	deviance	0.0382	0.1479	0.8530	0.8517	0.8535	0.8526	3200	1.2813	0.0000
5	1	6	1600	deviance	0.0374	0.1451	0.8548	0.8542	0.8553	0.8548	3200	3.5938	0.0219
2	1	8	25	gdi	0.6255	0.6315	0.3680	0.3648	NaN	NaN	3200	0.7656	0.0078
3	1	8	25	gdi	0.6286	0.6267	0.3793	0.3709	NaN	NaN	3200	1.2969	0.0000
5	1	8	25	gdi	0.6279	0.6292	0.3701	0.3671	NaN	NaN	3200	1.6250	0.0000
2	1	8	25	twoing	0.5194	0.5385	0.4587	0.4605	NaN	NaN	3200	0.9063	0.0000
3	1	8	25	twoing	0.5181	0.5243	0.4767	0.4751	NaN	NaN	3200	0.7031	0.0208
5	1	8	25	twoing	0.5118	0.5167	0.4849	0.4836	NaN	NaN	3200	1.8125	0.0187
2	1	8	25	deviance	0.5232	0.5307	0.4675	0.4662	NaN	NaN	3200	0.6563	0.0000
3	1	8	25	deviance	0.5263	0.5282	0.4725	0.4701	NaN	NaN	3200	0.6094	0.0052
5	1	8	25	deviance	0.5227	0.5232	0.4749	0.4740	NaN	NaN	3200	1.6250	0.0063
2	1	8	100	gdi	0.3647	0.3754	0.6209	0.6225	0.7292	0.6716	3200	0.6875	0.0000
3	1	8	100	gdi	0.3686	0.3795	0.6202	0.6190	0.7423	0.6750	3200	0.8281	0.0208
5	1	8	100	gdi	0.3694	0.3800	0.6186	0.6180	0.7388	0.6730	3200	1.5156	0.0031
2	1	8	100	twoing	0.3429	0.3615	0.6372	0.6367	0.6920	0.6632	3200	0.5938	0.0000
3	1	8	100	twoing	0.3419	0.3473	0.6519	0.6516	0.7046	0.6770	3200	1.0156	0.0000
5	1	8	100	twoing	0.3420	0.3598	0.6404	0.6395	0.7050	0.6706	3200	1.6250	0.0187
2	1	8	100	deviance	0.3282	0.3371	0.6637	0.6614	0.7045	0.6822	3200	0.5781	0.0000
3	1	8	100	deviance	0.3223	0.3369	0.6630	0.6607	0.7016	0.6805	3200	0.9063	0.0052
5	1	8	100	deviance	0.3280	0.3369	0.6636	0.6614	0.7095	0.6845	3200	1.2969	0.0063
2	1	8	150	gdi	0.3207	0.3335	0.6678	0.6663	0.7506	0.7059	3200	0.5625	0.0000
3	1	8	150	gdi	0.3263	0.3395	0.6613	0.6594	0.7354	0.6953	3200	0.8594	0.0104
5	1	8	150	gdi	0.3226	0.3434	0.6552	0.6547	0.7418	0.6955	3200	1.8906	0.0000
2	1	8	150	twoing	0.2916	0.3234	0.6767	0.6753	0.7092	0.6919	3200	0.5313	0.0000
3	1	8	150	twoing	0.2912	0.3100	0.6896	0.6886	0.7201	0.7039	3200	1.4844	0.0000
5	1	8	150	twoing	0.2938	0.3055	0.6945	0.6940	0.7318	0.7123	3200	1.7344	0.0156
2	1	8	150	deviance	0.2758	0.2949	0.7019	0.7034	0.7267	0.7149	3200	0.5938	0.0000
3	1	8	150	deviance	0.2795	0.3026	0.6974	0.6963	0.7259	0.7107	3200	0.9375	0.0000
5	1	8	150	deviance	0.2743	0.2936	0.7067	0.7056	0.7390	0.7219	3200	1.8125	0.0000
2	1	8	200	gdi	0.2868	0.3242	0.6758	0.6752	0.7417	0.7068	3200	0.7656	0.0000
3	1	8	200	gdi	0.2854	0.3110	0.6880	0.6876	0.7526	0.7186	3200	0.9219	0.0052
5	1	8	200	gdi	0.2837	0.3037	0.6946	0.6947	0.7462	0.7195	3200	1.5938	0.0031
2	1	8	200	twoing	0.2665	0.2819	0.7186	0.7173	0.7489	0.7328	3200	0.6563	0.0000
3	1	8	200	twoing	0.2665	0.2898	0.7060	0.7078	0.7364	0.7218	3200	1.4219	0.0000
5	1	8	200	twoing	0.2735	0.2928	0.7086	0.7066	0.7411	0.7234	3200	1.7031	0.0000
2	1	8	200	deviance	0.2595	0.2868	0.7125	0.7118	0.7431	0.7271	3200	0.9063	0.0000
3	1	8	200	deviance	0.2641	0.2858	0.7139	0.7127	0.7357	0.7240	3200	1.0000	0.0000
5	1	8	200	deviance	0.2596	0.2839	0.7155	0.7145	0.7430	0.7285	3200	1.5000	0.0031
2	1	8	400	gdi	0.2087	0.2552	0.7422	0.7433	0.7814	0.7619	3200	0.8125	0.0000
3	1	8	400	gdi	0.1941	0.2378	0.7629	0.7614	0.7971	0.7788	3200	0.8438	0.0000
5	1	8	400	gdi	0.1954	0.2356	0.7645	0.7634	0.7949	0.7788	3200	1.8906	0.0000
2	1	8	400	twoing	0.1786	0.2248	0.7766	0.7753	0.7839	0.7796	3200	0.7500	0.0156
3	1	8	400	twoing	0.1777	0.2221	0.7781	0.7774	0.7876	0.7825	3200	1.1406	0.0000
5	1	8	400	twoing	0.1776	0.2185	0.7811	0.7803	0.7907	0.7854	3200	1.5938	0.0000
2	1	8	400	deviance	0.1684	0.2249	0.7750	0.7750	0.7818	0.7784	3200	0.8281	0.0859
3	1	8	400	deviance	0.1624	0.2140	0.7854	0.7851	0.7924	0.7887	3200	1.0938	0.0365
5	1	8	400	deviance	0.1672	0.2074	0.7924	0.7921	0.7998	0.7959	3200	1.4844	0.0094
2	1	8	800	gdi	0.0959	0.1756	0.8239	0.8237	0.8272	0.8255	3200	0.5625	0.0078
3	1	8	800	gdi	0.0967	0.1747	0.8250	0.8251	0.8316	0.8284	3200	1.0313	0.0052
5	1	8	800	gdi	0.0950	0.1725	0.8278	0.8271	0.8319	0.8295	3200	2.1250	0.0031
2	1	8	800	twoing	0.0917	0.1626	0.8370	0.8368	0.8382	0.8375	3200	1.1406	0.0469
3	1	8	800	twoing	0.0896	0.1581	0.8405	0.8409	0.8424	0.8416	3200	2.4063	0.0000
5	1	8	800	twoing	0.0884	0.1653	0.8342	0.8340	0.8355	0.8348	3200	2.7969	0.0250
2	1	8	800	deviance	0.0817	0.1604	0.8397	0.8385	0.8411	0.8398	3200	0.8438	0.0000
3	1	8	800	deviance	0.0812	0.1619	0.8375	0.8373	0.8391	0.8382	3200	0.9844	0.0000
5	1	8	800	deviance	0.0806	0.1559	0.8443	0.8438	0.8456	0.8447	3200	1.8594	0.0187
2	1	8	1600	gdi	0.0570	0.1609	0.8387	0.8382	0.8387	0.8385	3200	0.7500	0.0000
3	1	8	1600	gdi	0.0552	0.1519	0.8485	0.8477	0.8493	0.8485	3200	1.1250	0.0000
5	1	8	1600	gdi	0.0546	0.1569	0.8437	0.8428	0.8442	0.8435	3200	2.0156	0.0187
2	1	8	1600	twoing	0.0596	0.1665	0.8327	0.8327	0.8332	0.8330	3200	0.7031	0.0000
3	1	8	1600	twoing	0.0585	0.1528	0.8480	0.8466	0.8474	0.8470	3200	1.2031	0.0000
5	1	8	1600	twoing	0.0591	0.1540	0.8461	0.8458	0.8465	0.8462	3200	1.6563	0.0187
2	1	8	1600	deviance	0.0552	0.1500	0.8489	0.8495	0.8498	0.8497	3200	0.7813	0.0000
3	1	8	1600	deviance	0.0517	0.1519	0.8476	0.8476	0.8491	0.8483	3200	1.0313	0.0052
5	1	8	1600	deviance	0.0522	0.1539	0.8463	0.8459	0.8472	0.8465	3200	2.1406	0.0000
2	1	10	25	gdi	0.6260	0.6216	0.3719	0.3736	NaN	NaN	3200	0.5625	0.0000
3	1	10	25	gdi	0.6259	0.6319	0.3639	0.3637	NaN	NaN	3200	0.6875	0.0052
5	1	10	25	gdi	0.6367	0.6397	0.3594	0.3565	NaN	NaN	3200	1.6406	0.0031
2	1	10	25	twoing	0.5184	0.5372	0.4630	0.4619	NaN	NaN	3200	0.6875	0.0469
3	1	10	25	twoing	0.5083	0.5213	0.4779	0.4783	NaN	NaN	3200	0.5938	0.0156
5	1	10	25	twoing	0.5114	0.5189	0.4809	0.4806	NaN	NaN	3200	1.3594	0.0000
2	1	10	25	deviance	0.5286	0.5221	0.4756	0.4762	NaN	NaN	3200	0.6250	0.0000
3	1	10	25	deviance	0.5269	0.5268	0.4767	0.4718	NaN	NaN	3200	0.9375	0.0208
5	1	10	25	deviance	0.5250	0.5256	0.4736	0.4721	NaN	NaN	3200	1.6563	0.0187
2	1	10	100	gdi	0.3674	0.3796	0.6175	0.6180	0.7283	0.6686	3200	0.6250	0.0000
3	1	10	100	gdi	0.3689	0.3760	0.6249	0.6221	0.7261	0.6700	3200	1.0156	0.0000
5	1	10	100	gdi	0.3726	0.3849	0.6154	0.6134	NaN	NaN	3200	1.3125	0.0063
2	1	10	100	twoing	0.3402	0.3527	0.6483	0.6473	0.7037	0.6743	3200	0.4844	0.0000
3	1	10	100	twoing	0.3413	0.3501	0.6498	0.6491	0.7057	0.6762	3200	1.0938	0.0052
5	1	10	100	twoing	0.3417	0.3453	0.6541	0.6530	0.7051	0.6781	3200	1.4531	0.0094
2	1	10	100	deviance	0.3232	0.3419	0.6600	0.6565	0.7025	0.6787	3200	0.5156	0.0078
3	1	10	100	deviance	0.3254	0.3470	0.6527	0.6512	0.6989	0.6742	3200	0.7813	0.0000
5	1	10	100	deviance	0.3211	0.3372	0.6623	0.6607	0.7127	0.6857	3200	2.3594	0.0344
2	1	10	150	gdi	0.3179	0.3361	0.6642	0.6626	0.7463	0.7019	3200	1.0000	0.0234
3	1	10	150	gdi	0.3398	0.3548	0.6457	0.6438	0.7372	0.6872	3200	1.1563	0.0313
5	1	10	150	gdi	0.3337	0.3488	0.6504	0.6493	0.7274	0.6861	3200	1.6250	0.0031
2	1	10	150	twoing	0.2934	0.3075	0.6923	0.6904	0.7211	0.7054	3200	0.5781	0.0078
3	1	10	150	twoing	0.2954	0.3078	0.6914	0.6914	0.7243	0.7074	3200	1.0781	0.0573
5	1	10	150	twoing	0.2896	0.3044	0.6956	0.6950	0.7271	0.7107	3200	1.5313	0.0094
2	1	10	150	deviance	0.2780	0.2969	0.7020	0.7013	0.7346	0.7175	3200	0.8438	0.0000
3	1	10	150	deviance	0.2793	0.2915	0.7054	0.7066	0.7298	0.7180	3200	0.9531	0.0052
5	1	10	150	deviance	0.2782	0.3022	0.6959	0.6962	0.7230	0.7093	3200	1.7344	0.0156
2	1	10	200	gdi	0.2884	0.3013	0.6989	0.6975	0.7516	0.7236	3200	0.4375	0.0469
3	1	10	200	gdi	0.2805	0.3077	0.6920	0.6915	0.7563	0.7224	3200	1.2344	0.0000
5	1	10	200	gdi	0.2833	0.2948	0.7036	0.7039	0.7550	0.7285	3200	1.8750	0.0000
2	1	10	200	twoing	0.2612	0.2890	0.7092	0.7098	0.7389	0.7240	3200	0.4375	0.0000
3	1	10	200	twoing	0.2709	0.2882	0.7130	0.7112	0.7407	0.7256	3200	1.0313	0.0000
5	1	10	200	twoing	0.2668	0.2858	0.7149	0.7131	0.7415	0.7270	3200	1.1563	0.0219
2	1	10	200	deviance	0.2609	0.2753	0.7263	0.7243	0.7462	0.7351	3200	0.8281	0.0000
3	1	10	200	deviance	0.2605	0.2817	0.7182	0.7177	0.7429	0.7301	3200	1.0469	0.0000
5	1	10	200	deviance	0.2585	0.2862	0.7127	0.7122	0.7393	0.7255	3200	1.5000	0.0063
2	1	10	400	gdi	0.1966	0.2367	0.7636	0.7622	0.7920	0.7768	3200	0.7813	0.0000
3	1	10	400	gdi	0.1936	0.2403	0.7594	0.7590	0.7833	0.7710	3200	0.7969	0.0000
5	1	10	400	gdi	0.1961	0.2316	0.7684	0.7679	0.8023	0.7847	3200	1.7031	0.0344
2	1	10	400	twoing	0.1816	0.2270	0.7716	0.7716	0.7859	0.7787	3200	0.5938	0.0078
3	1	10	400	twoing	0.1833	0.2313	0.7690	0.7683	0.7807	0.7745	3200	1.0938	0.0052
5	1	10	400	twoing	0.1801	0.2249	0.7757	0.7743	0.7877	0.7809	3200	1.6875	0.0000
2	1	10	400	deviance	0.1608	0.2063	0.7934	0.7932	0.8005	0.7968	3200	0.7344	0.0000
3	1	10	400	deviance	0.1648	0.2107	0.7910	0.7899	0.7980	0.7939	3200	1.0625	0.0000
5	1	10	400	deviance	0.1649	0.2075	0.7926	0.7919	0.7998	0.7958	3200	1.3281	0.0000
2	1	10	800	gdi	0.0927	0.1679	0.8320	0.8311	0.8348	0.8330	3200	0.7031	0.0000
3	1	10	800	gdi	0.0933	0.1764	0.8233	0.8231	0.8273	0.8252	3200	1.2344	0.0000
5	1	10	800	gdi	0.0927	0.1669	0.8326	0.8325	0.8346	0.8335	3200	1.9375	0.0063
2	1	10	800	twoing	0.0865	0.1699	0.8294	0.8302	0.8302	0.8302	3200	0.8125	0.0000
3	1	10	800	twoing	0.0863	0.1562	0.8422	0.8428	0.8439	0.8433	3200	0.8906	0.0052
5	1	10	800	twoing	0.0877	0.1677	0.8321	0.8316	0.8345	0.8330	3200	2.2500	0.0187
2	1	10	800	deviance	0.0780	0.1583	0.8417	0.8419	0.8444	0.8432	3200	0.7813	0.0000
3	1	10	800	deviance	0.0777	0.1523	0.8478	0.8472	0.8495	0.8484	3200	1.4219	0.0000
5	1	10	800	deviance	0.0775	0.1573	0.8416	0.8419	0.8429	0.8424	3200	1.7500	0.0156
2	1	10	1600	gdi	0.0648	0.1572	0.8433	0.8422	0.8448	0.8435	3200	0.6406	0.0000
3	1	10	1600	gdi	0.0676	0.1599	0.8397	0.8397	0.8410	0.8404	3200	1.2813	0.0000
5	1	10	1600	gdi	0.0685	0.1592	0.8406	0.8399	0.8423	0.8411	3200	2.0469	0.0000
2	1	10	1600	twoing	0.0729	0.1548	0.8466	0.8457	0.8479	0.8468	3200	0.8281	0.0391
3	1	10	1600	twoing	0.0735	0.1578	0.8414	0.8418	0.8420	0.8419	3200	1.2344	0.0000
5	1	10	1600	twoing	0.0714	0.1637	0.8363	0.8357	0.8368	0.8362	3200	1.9063	0.0031
2	1	10	1600	deviance	0.0677	0.1546	0.8456	0.8455	0.8472	0.8463	3200	0.7969	0.0000
3	1	10	1600	deviance	0.0656	0.1560	0.8445	0.8436	0.8450	0.8443	3200	1.0313	0.0000
5	1	10	1600	deviance	0.0687	0.1561	0.8444	0.8435	0.8451	0.8443	3200	1.7813	0.0313
2	1	12	25	gdi	0.6278	0.6259	0.3709	0.3699	NaN	NaN	3200	0.5156	0.0000
3	1	12	25	gdi	0.6271	0.6297	0.3691	0.3665	NaN	NaN	3200	1.2344	0.0000
5	1	12	25	gdi	0.6266	0.6300	0.3719	0.3667	NaN	NaN	3200	1.6094	0.0000
2	1	12	25	twoing	0.5221	0.5243	0.4689	0.4735	NaN	NaN	3200	0.5469	0.0000
3	1	12	25	twoing	0.5128	0.5065	0.4957	0.4932	NaN	NaN	3200	0.6250	0.0104
5	1	12	25	twoing	0.5118	0.5156	0.4841	0.4835	NaN	NaN	3200	1.3594	0.0000
2	1	12	25	deviance	0.5229	0.5214	0.4812	0.4770	NaN	NaN	3200	0.4063	0.0078
3	1	12	25	deviance	0.5230	0.5285	0.4732	0.4695	NaN	NaN	3200	1.0156	0.0000
5	1	12	25	deviance	0.5257	0.5342	0.4686	0.4641	NaN	NaN	3200	1.3281	0.0000
2	1	12	100	gdi	0.3702	0.3733	0.6247	0.6246	0.7351	0.6753	3200	0.5781	0.0000
3	1	12	100	gdi	0.3665	0.3803	0.6176	0.6174	0.7276	0.6679	3200	0.7969	0.0052
5	1	12	100	gdi	0.3690	0.3722	0.6254	0.6258	0.7398	0.6780	3200	1.5156	0.0000
2	1	12	100	twoing	0.3428	0.3405	0.6609	0.6585	0.7124	0.6844	3200	0.7344	0.0078
3	1	12	100	twoing	0.3384	0.3527	0.6451	0.6460	0.7061	0.6747	3200	0.7188	0.0000
5	1	12	100	twoing	0.3431	0.3507	0.6518	0.6490	0.7110	0.6786	3200	1.3750	0.0031
2	1	12	100	deviance	0.3228	0.3424	0.6556	0.6555	0.7084	0.6810	3200	0.7031	0.0859
3	1	12	100	deviance	0.3280	0.3376	0.6615	0.6612	0.7124	0.6858	3200	0.8594	0.0000
5	1	12	100	deviance	0.3264	0.3393	0.6611	0.6593	0.7101	0.6837	3200	1.7031	0.0063
2	1	12	150	gdi	0.3249	0.3347	0.6647	0.6642	0.7437	0.7017	3200	0.5938	0.0078
3	1	12	150	gdi	0.3244	0.3346	0.6653	0.6642	0.7528	0.7057	3200	0.8438	0.0000
5	1	12	150	gdi	0.3264	0.3392	0.6607	0.6599	0.7414	0.6982	3200	1.6563	0.0000
2	1	12	150	twoing	0.2933	0.3031	0.6947	0.6959	0.7306	0.7128	3200	0.5156	0.0234
3	1	12	150	twoing	0.2901	0.3000	0.6961	0.6980	0.7272	0.7123	3200	1.2500	0.0000
5	1	12	150	twoing	0.2876	0.3062	0.6927	0.6925	0.7210	0.7064	3200	1.4219	0.0000
2	1	12	150	deviance	0.2727	0.2959	0.7047	0.7024	0.7324	0.7171	3200	0.5156	0.0000
3	1	12	150	deviance	0.2800	0.2955	0.7042	0.7030	0.7343	0.7183	3200	1.1875	0.0000
5	1	12	150	deviance	0.2801	0.2948	0.7044	0.7039	0.7348	0.7190	3200	1.5781	0.0031
2	1	12	200	gdi	0.3066	0.3154	0.6834	0.6829	0.7371	0.7088	3200	0.7969	0.0000
3	1	12	200	gdi	0.2801	0.2944	0.7071	0.7048	0.7571	0.7300	3200	0.7813	0.0208
5	1	12	200	gdi	0.2787	0.3106	0.6899	0.6884	0.7510	0.7183	3200	1.4219	0.0094
2	1	12	200	twoing	0.2683	0.2798	0.7181	0.7183	0.7465	0.7321	3200	0.7500	0.0000
3	1	12	200	twoing	0.2633	0.2804	0.7183	0.7187	0.7516	0.7348	3200	0.7969	0.0052
5	1	12	200	twoing	0.2651	0.2918	0.7080	0.7071	0.7354	0.7210	3200	1.6563	0.0031
2	1	12	200	deviance	0.2574	0.2732	0.7281	0.7259	0.7475	0.7366	3200	0.6094	0.0859
3	1	12	200	deviance	0.2592	0.2774	0.7217	0.7205	0.7479	0.7339	3200	1.2344	0.0000
5	1	12	200	deviance	0.2544	0.2770	0.7228	0.7220	0.7448	0.7332	3200	1.5938	0.0031
2	1	12	400	gdi	0.1966	0.2370	0.7630	0.7622	0.7972	0.7793	3200	0.7813	0.0000
3	1	12	400	gdi	0.2009	0.2361	0.7620	0.7626	0.7984	0.7801	3200	1.1406	0.0469
5	1	12	400	gdi	0.1946	0.2415	0.7581	0.7573	0.7894	0.7730	3200	1.9531	0.0375
2	1	12	400	twoing	0.1782	0.2199	0.7809	0.7795	0.7870	0.7832	3200	0.7344	0.0078
3	1	12	400	twoing	0.1747	0.2200	0.7787	0.7791	0.7883	0.7837	3200	1.0469	0.0625
5	1	12	400	twoing	0.1746	0.2169	0.7821	0.7823	0.7915	0.7869	3200	2.0625	0.0000
2	1	12	400	deviance	0.1607	0.2043	0.7945	0.7943	0.8017	0.7980	3200	0.6875	0.0000
3	1	12	400	deviance	0.1638	0.2027	0.7963	0.7968	0.8020	0.7994	3200	1.1563	0.0000
5	1	12	400	deviance	0.1612	0.2179	0.7805	0.7806	0.7879	0.7843	3200	1.5938	0.0031
2	1	12	800	gdi	0.0926	0.1729	0.8277	0.8264	0.8309	0.8286	3200	0.6875	0.0000
3	1	12	800	gdi	0.0917	0.1696	0.8301	0.8300	0.8354	0.8327	3200	1.2344	0.0365
5	1	12	800	gdi	0.0929	0.1657	0.8339	0.8340	0.8371	0.8356	3200	1.9375	0.0000
2	1	12	800	twoing	0.0905	0.1675	0.8313	0.8320	0.8329	0.8324	3200	0.9375	0.0469
3	1	12	800	twoing	0.0898	0.1656	0.8341	0.8337	0.8343	0.8340	3200	1.0938	0.0000
5	1	12	800	twoing	0.0920	0.1670	0.8331	0.8325	0.8333	0.8329	3200	1.6875	0.0187
2	1	12	800	deviance	0.0820	0.1587	0.8405	0.8413	0.8424	0.8418	3200	0.9844	0.0391
3	1	12	800	deviance	0.0807	0.1513	0.8482	0.8482	0.8503	0.8492	3200	1.2344	0.0000
5	1	12	800	deviance	0.0836	0.1580	0.8423	0.8415	0.8430	0.8422	3200	1.8125	0.0187
2	1	12	1600	gdi	0.0771	0.1684	0.8314	0.8310	0.8324	0.8317	3200	0.7813	0.0000
3	1	12	1600	gdi	0.0777	0.1545	0.8457	0.8453	0.8473	0.8463	3200	0.9844	0.0052
5	1	12	1600	gdi	0.0772	0.1636	0.8360	0.8357	0.8375	0.8366	3200	2.0313	0.0031
2	1	12	1600	twoing	0.0868	0.1671	0.8330	0.8328	0.8342	0.8335	3200	0.6250	0.0078
3	1	12	1600	twoing	0.0855	0.1658	0.8341	0.8337	0.8352	0.8345	3200	1.0625	0.0000
5	1	12	1600	twoing	0.0847	0.1661	0.8330	0.8332	0.8338	0.8335	3200	1.4688	0.0000
2	1	12	1600	deviance	0.0816	0.1559	0.8420	0.8427	0.8445	0.8436	3200	0.9063	0.0000
3	1	12	1600	deviance	0.0804	0.1570	0.8426	0.8425	0.8426	0.8425	3200	1.3438	0.0313
5	1	12	1600	deviance	0.0780	0.1573	0.8429	0.8420	0.8438	0.8429	3200	1.7188	0.0000
2	1	14	25	gdi	0.6291	0.6251	0.3766	0.3725	NaN	NaN	3200	0.6406	0.0000
3	1	14	25	gdi	0.6267	0.6231	0.3760	0.3729	NaN	NaN	3200	0.9219	0.0000
5	1	14	25	gdi	0.6279	0.6280	0.3739	0.3688	NaN	NaN	3200	1.3906	0.0187
2	1	14	25	twoing	0.5189	0.5270	0.4803	0.4735	NaN	NaN	3200	0.5000	0.0313
3	1	14	25	twoing	0.5158	0.5201	0.4819	0.4794	NaN	NaN	3200	0.9531	0.0052
5	1	14	25	twoing	0.5130	0.5210	0.4772	0.4782	NaN	NaN	3200	1.3125	0.0000
2	1	14	25	deviance	0.5304	0.5332	0.4656	0.4648	NaN	NaN	3200	0.6719	0.0000
3	1	14	25	deviance	0.5223	0.5310	0.4685	0.4666	NaN	NaN	3200	1.0781	0.0417
5	1	14	25	deviance	0.5263	0.5197	0.4804	0.4783	NaN	NaN	3200	1.8438	0.0219
2	1	14	100	gdi	0.3678	0.3712	0.6283	0.6271	0.7529	0.6842	3200	0.7969	0.0000
3	1	14	100	gdi	0.3665	0.3767	0.6237	0.6213	0.7346	0.6732	3200	2.2969	0.0000
5	1	14	100	gdi	0.3661	0.3755	0.6253	0.6230	0.7392	0.6761	3200	3.6719	0.0375
2	1	14	100	twoing	0.3468	0.3687	0.6286	0.6299	0.7067	0.6660	3200	1.4375	0.0000
3	1	14	100	twoing	0.3407	0.3431	0.6568	0.6555	0.7038	0.6788	3200	2.4063	0.0156
5	1	14	100	twoing	0.3420	0.3607	0.6387	0.6386	0.7016	0.6686	3200	3.5625	0.0187
2	1	14	100	deviance	0.3289	0.3354	0.6625	0.6624	0.7226	0.6912	3200	1.2969	0.1094
3	1	14	100	deviance	0.3166	0.3365	0.6621	0.6619	0.7067	0.6835	3200	1.3438	0.0417
5	1	14	100	deviance	0.3241	0.3368	0.6621	0.6612	0.7128	0.6860	3200	1.4219	0.0031
2	1	14	150	gdi	0.3239	0.3404	0.6564	0.6580	0.7366	0.6951	3200	0.6875	0.0000
3	1	14	150	gdi	0.3272	0.3430	0.6572	0.6561	0.7296	0.6909	3200	1.3594	0.0000
5	1	14	150	gdi	0.3240	0.3432	0.6561	0.6557	0.7377	0.6943	3200	1.5781	0.0063
2	1	14	150	twoing	0.2929	0.3060	0.6955	0.6938	0.7335	0.7131	3200	0.5625	0.0078
3	1	14	150	twoing	0.2930	0.3045	0.6961	0.6952	0.7248	0.7097	3200	0.9063	0.0000
5	1	14	150	twoing	0.2875	0.3088	0.6904	0.6899	0.7254	0.7072	3200	1.5781	0.0406
2	1	14	150	deviance	0.2734	0.2980	0.7011	0.7006	0.7329	0.7164	3200	0.8438	0.0000
3	1	14	150	deviance	0.2776	0.2990	0.7015	0.7003	0.7274	0.7136	3200	0.9531	0.0104
5	1	14	150	deviance	0.2761	0.2960	0.7032	0.7027	0.7310	0.7166	3200	1.7813	0.0000
2	1	14	200	gdi	0.2787	0.3025	0.6969	0.6962	0.7480	0.7211	3200	0.6563	0.0000
3	1	14	200	gdi	0.2772	0.3052	0.6968	0.6941	0.7431	0.7178	3200	1.0156	0.0000
5	1	14	200	gdi	0.2788	0.2987	0.7022	0.7005	0.7562	0.7273	3200	1.6875	0.0063
2	1	14	200	twoing	0.2621	0.2866	0.7130	0.7114	0.7437	0.7272	3200	0.4375	0.0000
3	1	14	200	twoing	0.2607	0.2848	0.7123	0.7138	0.7377	0.7255	3200	0.9063	0.0313
5	1	14	200	twoing	0.2605	0.2800	0.7203	0.7194	0.7407	0.7299	3200	1.8750	0.0031
2	1	14	200	deviance	0.2552	0.2710	0.7267	0.7276	0.7511	0.7392	3200	0.8438	0.0000
3	1	14	200	deviance	0.2577	0.2808	0.7186	0.7185	0.7397	0.7289	3200	1.0625	0.0000
5	1	14	200	deviance	0.2578	0.2806	0.7199	0.7186	0.7435	0.7308	3200	1.6250	0.0031
2	1	14	400	gdi	0.1918	0.2333	0.7678	0.7674	0.7926	0.7798	3200	0.9844	0.0469
3	1	14	400	gdi	0.1896	0.2317	0.7686	0.7675	0.7922	0.7797	3200	0.9844	0.0052
5	1	14	400	gdi	0.1926	0.2281	0.7718	0.7710	0.7976	0.7840	3200	1.7969	0.0344
2	1	14	400	twoing	0.1764	0.2164	0.7844	0.7829	0.7909	0.7869	3200	0.7656	0.0000
3	1	14	400	twoing	0.1761	0.2175	0.7820	0.7821	0.7907	0.7864	3200	1.0469	0.0000
5	1	14	400	twoing	0.1758	0.2198	0.7806	0.7798	0.7879	0.7838	3200	2.0313	0.0250
2	1	14	400	deviance	0.1620	0.2050	0.7959	0.7950	0.8001	0.7976	3200	1.4844	0.0859
3	1	14	400	deviance	0.1600	0.2019	0.7961	0.7965	0.8045	0.8004	3200	2.3281	0.0000
5	1	14	400	deviance	0.1632	0.2056	0.7926	0.7933	0.7985	0.7959	3200	2.0000	0.0000
2	1	14	800	gdi	0.0904	0.1711	0.8300	0.8294	0.8320	0.8307	3200	0.9531	0.0000
3	1	14	800	gdi	0.0923	0.1594	0.8404	0.8398	0.8420	0.8409	3200	1.1875	0.0000
5	1	14	800	gdi	0.0913	0.1621	0.8379	0.8375	0.8396	0.8386	3200	1.9063	0.0219
2	1	14	800	twoing	0.0964	0.1707	0.8281	0.8282	0.8285	0.8284	3200	0.6250	0.0000
3	1	14	800	twoing	0.0971	0.1736	0.8255	0.8258	0.8273	0.8265	3200	1.1250	0.0000
5	1	14	800	twoing	0.0977	0.1696	0.8301	0.8297	0.8318	0.8307	3200	2.0313	0.0344
2	1	14	800	deviance	0.0930	0.1609	0.8397	0.8387	0.8413	0.8400	3200	0.8750	0.0000
3	1	14	800	deviance	0.0899	0.1599	0.8407	0.8399	0.8423	0.8411	3200	1.1094	0.0365
5	1	14	800	deviance	0.0921	0.1577	0.8421	0.8419	0.8428	0.8424	3200	2.2031	0.0031
2	1	14	1600	gdi	0.0919	0.1680	0.8311	0.8313	0.8336	0.8324	3200	0.8125	0.0469
3	1	14	1600	gdi	0.0881	0.1660	0.8344	0.8337	0.8351	0.8344	3200	1.0313	0.0000
5	1	14	1600	gdi	0.0872	0.1590	0.8412	0.8406	0.8421	0.8413	3200	2.3125	0.0156
2	1	14	1600	twoing	0.0981	0.1756	0.8244	0.8239	0.8251	0.8245	3200	1.0313	0.0078
3	1	14	1600	twoing	0.0947	0.1784	0.8201	0.8205	0.8220	0.8213	3200	1.1563	0.0313
5	1	14	1600	twoing	0.0954	0.1687	0.8309	0.8306	0.8324	0.8315	3200	1.6875	0.0094
2	1	14	1600	deviance	0.0914	0.1572	0.8419	0.8419	0.8431	0.8425	3200	0.6406	0.0078
3	1	14	1600	deviance	0.0898	0.1628	0.8369	0.8366	0.8372	0.8369	3200	1.1875	0.0000
5	1	14	1600	deviance	0.0884	0.1674	0.8324	0.8320	0.8332	0.8326	3200	1.9375	0.0125
2	3	6	25	gdi	0.6247	0.6324	0.3641	0.3633	NaN	NaN	3200	0.4375	0.0078
3	3	6	25	gdi	0.6279	0.6348	0.3704	0.3629	NaN	NaN	3200	0.8125	0.0000
5	3	6	25	gdi	0.6258	0.6290	0.3680	0.3668	NaN	NaN	3200	1.2500	0.0031
2	3	6	25	twoing	0.5131	0.5218	0.4761	0.4760	NaN	NaN	3200	0.7500	0.0000
3	3	6	25	twoing	0.5114	0.5170	0.4799	0.4820	NaN	NaN	3200	0.6719	0.0052
5	3	6	25	twoing	0.5142	0.5269	0.4720	0.4719	NaN	NaN	3200	1.5156	0.0000
2	3	6	25	deviance	0.5229	0.5314	0.4747	0.4673	NaN	NaN	3200	0.7031	0.0000
3	3	6	25	deviance	0.5230	0.5322	0.4679	0.4657	NaN	NaN	3200	0.7656	0.0000
5	3	6	25	deviance	0.5233	0.5261	0.4701	0.4714	NaN	NaN	3200	1.3594	0.0000
2	3	6	100	gdi	0.3714	0.3694	0.6309	0.6286	0.7451	0.6819	3200	0.5625	0.0469
3	3	6	100	gdi	0.3726	0.3841	0.6126	0.6137	0.7286	0.6662	3200	0.8750	0.0104
5	3	6	100	gdi	0.3689	0.3804	0.6217	0.6184	0.7189	0.6649	3200	1.8594	0.0031
2	3	6	100	twoing	0.3385	0.3557	0.6416	0.6429	0.6976	0.6691	3200	0.4375	0.0000
3	3	6	100	twoing	0.3472	0.3640	0.6335	0.6335	0.7133	0.6709	3200	0.7500	0.0052
5	3	6	100	twoing	0.3419	0.3498	0.6483	0.6484	0.7114	0.6783	3200	1.3594	0.0031
2	3	6	100	deviance	0.3263	0.3371	0.6656	0.6621	0.7140	0.6871	3200	0.5625	0.0000
3	3	6	100	deviance	0.3275	0.3359	0.6639	0.6621	0.7071	0.6839	3200	1.0625	0.0313
5	3	6	100	deviance	0.3252	0.3431	0.6573	0.6553	0.7058	0.6796	3200	1.4375	0.0031
2	3	6	150	gdi	0.3349	0.3390	0.6544	0.6584	0.7418	0.6976	3200	0.8438	0.0000
3	3	6	150	gdi	0.3308	0.3485	0.6517	0.6509	0.7419	0.6934	3200	1.0313	0.0000
5	3	6	150	gdi	0.3272	0.3445	0.6542	0.6541	0.7301	0.6900	3200	1.4375	0.0000
2	3	6	150	twoing	0.2896	0.3187	0.6800	0.6804	0.7177	0.6986	3200	0.6563	0.0000
3	3	6	150	twoing	0.2963	0.3171	0.6821	0.6817	0.7116	0.6963	3200	0.9063	0.0052
5	3	6	150	twoing	0.2892	0.3062	0.6921	0.6924	0.7199	0.7059	3200	1.6094	0.0000
2	3	6	150	deviance	0.2832	0.2968	0.7039	0.7016	0.7371	0.7189	3200	0.6563	0.0000
3	3	6	150	deviance	0.2788	0.2978	0.7019	0.7010	0.7375	0.7187	3200	0.9063	0.0000
5	3	6	150	deviance	0.2796	0.2916	0.7067	0.7072	0.7319	0.7193	3200	1.9531	0.0000
2	3	6	200	gdi	0.2929	0.3097	0.6892	0.6890	0.7444	0.7156	3200	0.6094	0.0000
3	3	6	200	gdi	0.2922	0.3211	0.6789	0.6774	0.7442	0.7092	3200	0.9688	0.0000
5	3	6	200	gdi	0.2935	0.3152	0.6844	0.6831	0.7463	0.7132	3200	1.8438	0.0031
2	3	6	200	twoing	0.2670	0.2844	0.7177	0.7142	0.7448	0.7292	3200	0.7500	0.0000
3	3	6	200	twoing	0.2629	0.2836	0.7152	0.7151	0.7490	0.7317	3200	1.0625	0.0052
5	3	6	200	twoing	0.2702	0.2922	0.7092	0.7074	0.7387	0.7227	3200	1.3438	0.0094
2	3	6	200	deviance	0.2587	0.2869	0.7130	0.7118	0.7459	0.7285	3200	0.6406	0.0000
3	3	6	200	deviance	0.2607	0.2832	0.7154	0.7155	0.7401	0.7276	3200	1.0156	0.0052
5	3	6	200	deviance	0.2624	0.2851	0.7157	0.7140	0.7375	0.7256	3200	1.5313	0.0031
2	3	6	400	gdi	0.2009	0.2432	0.7575	0.7560	0.7826	0.7691	3200	0.6563	0.0000
3	3	6	400	gdi	0.1971	0.2419	0.7586	0.7573	0.7835	0.7701	3200	0.9688	0.0573
5	3	6	400	gdi	0.2014	0.2430	0.7584	0.7569	0.7909	0.7735	3200	1.7188	0.0094
2	3	6	400	twoing	0.1823	0.2232	0.7755	0.7757	0.7853	0.7804	3200	0.8125	0.0000
3	3	6	400	twoing	0.1853	0.2240	0.7750	0.7748	0.7859	0.7803	3200	0.8906	0.0000
5	3	6	400	twoing	0.1819	0.2282	0.7709	0.7709	0.7817	0.7762	3200	1.7656	0.0000
2	3	6	400	deviance	0.1687	0.2135	0.7853	0.7856	0.7934	0.7895	3200	0.4688	0.0000
3	3	6	400	deviance	0.1702	0.2132	0.7870	0.7861	0.7947	0.7904	3200	0.8906	0.0417
5	3	6	400	deviance	0.1722	0.2112	0.7894	0.7883	0.7960	0.7921	3200	1.8438	0.0187
2	3	6	800	gdi	0.1163	0.1727	0.8281	0.8274	0.8309	0.8291	3200	0.6875	0.0000
3	3	6	800	gdi	0.1151	0.1775	0.8222	0.8218	0.8287	0.8253	3200	1.2188	0.0052
5	3	6	800	gdi	0.1150	0.1794	0.8204	0.8204	0.8297	0.8250	3200	1.6094	0.0031
2	3	6	800	twoing	0.1016	0.1715	0.8277	0.8277	0.8295	0.8286	3200	0.7656	0.0000
3	3	6	800	twoing	0.1035	0.1775	0.8223	0.8218	0.8258	0.8238	3200	0.9688	0.0000
5	3	6	800	twoing	0.1010	0.1820	0.8176	0.8177	0.8201	0.8189	3200	2.2031	0.0375
2	3	6	800	deviance	0.0905	0.1653	0.8341	0.8338	0.8364	0.8351	3200	0.7031	0.0000
3	3	6	800	deviance	0.0867	0.1585	0.8424	0.8416	0.8435	0.8425	3200	1.3750	0.0000
5	3	6	800	deviance	0.0880	0.1651	0.8346	0.8340	0.8363	0.8351	3200	1.5781	0.0000
2	3	6	1600	gdi	0.0679	0.1532	0.8464	0.8467	0.8479	0.8473	3200	0.7344	0.0078
3	3	6	1600	gdi	0.0669	0.1476	0.8528	0.8523	0.8538	0.8530	3200	1.1719	0.0000
5	3	6	1600	gdi	0.0661	0.1474	0.8521	0.8522	0.8533	0.8527	3200	1.8750	0.0500
2	3	6	1600	twoing	0.0647	0.1635	0.8373	0.8358	0.8366	0.8362	3200	0.7344	0.0000
3	3	6	1600	twoing	0.0678	0.1604	0.8390	0.8388	0.8410	0.8399	3200	1.1563	0.0260
5	3	6	1600	twoing	0.0664	0.1531	0.8465	0.8464	0.8472	0.8468	3200	1.8750	0.0406
2	3	6	1600	deviance	0.0640	0.1558	0.8445	0.8441	0.8446	0.8443	3200	0.7500	0.0078
3	3	6	1600	deviance	0.0623	0.1536	0.8468	0.8460	0.8478	0.8469	3200	0.9844	0.0052
5	3	6	1600	deviance	0.0598	0.1509	0.8488	0.8485	0.8495	0.8490	3200	1.8438	0.0063
2	3	8	25	gdi	0.6297	0.6213	0.3792	0.3755	NaN	NaN	3200	0.6250	0.0000
3	3	8	25	gdi	0.6276	0.6303	0.3690	0.3662	NaN	NaN	3200	1.0938	0.0000
5	3	8	25	gdi	0.6257	0.6297	0.3674	0.3663	NaN	NaN	3200	1.5781	0.0187
2	3	8	25	twoing	0.5187	0.5257	0.4756	0.4735	NaN	NaN	3200	0.5469	0.0547
3	3	8	25	twoing	0.5141	0.5086	0.4931	0.4908	NaN	NaN	3200	1.0938	0.0000
5	3	8	25	twoing	0.5087	0.5115	0.4879	0.4874	NaN	NaN	3200	1.8438	0.0219
2	3	8	25	deviance	0.5277	0.5370	0.4594	0.4610	NaN	NaN	3200	0.7969	0.0000
3	3	8	25	deviance	0.5222	0.5295	0.4671	0.4676	NaN	NaN	3200	0.9219	0.0000
5	3	8	25	deviance	0.5270	0.5299	0.4706	0.4683	NaN	NaN	3200	1.5156	0.0344
2	3	8	100	gdi	0.3720	0.3910	0.6098	0.6080	0.7182	0.6585	3200	0.5781	0.0156
3	3	8	100	gdi	0.3667	0.3723	0.6273	0.6261	0.7403	0.6784	3200	1.1719	0.0000
5	3	8	100	gdi	0.3712	0.3798	0.6192	0.6188	0.7271	0.6685	3200	1.7969	0.0000
2	3	8	100	twoing	0.3455	0.3511	0.6467	0.6474	0.7050	0.6750	3200	0.5938	0.0000
3	3	8	100	twoing	0.3434	0.3491	0.6485	0.6493	0.7087	0.6777	3200	0.8594	0.0052
5	3	8	100	twoing	0.3407	0.3518	0.6480	0.6472	0.7081	0.6763	3200	1.7813	0.0187
2	3	8	100	deviance	0.3295	0.3336	0.6667	0.6648	0.7109	0.6871	3200	0.5469	0.0000
3	3	8	100	deviance	0.3332	0.3526	0.6433	0.6456	0.7002	0.6718	3200	0.9375	0.0104
5	3	8	100	deviance	0.3239	0.3377	0.6628	0.6606	0.7044	0.6818	3200	1.6094	0.0187
2	3	8	150	gdi	0.3219	0.3364	0.6628	0.6623	0.7479	0.7025	3200	0.8594	0.0859
3	3	8	150	gdi	0.3265	0.3517	0.6504	0.6472	0.7318	0.6869	3200	1.0313	0.0521
5	3	8	150	gdi	0.3250	0.3445	0.6563	0.6546	0.7309	0.6906	3200	1.9688	0.0031
2	3	8	150	twoing	0.2972	0.3169	0.6813	0.6824	0.7226	0.7019	3200	0.6563	0.0078
3	3	8	150	twoing	0.2989	0.3177	0.6822	0.6820	0.7332	0.7066	3200	1.0781	0.0313
5	3	8	150	twoing	0.2942	0.3043	0.6951	0.6944	0.7263	0.7100	3200	1.7813	0.0000
2	3	8	150	deviance	0.2702	0.2860	0.7117	0.7119	0.7399	0.7256	3200	0.8438	0.0000
3	3	8	150	deviance	0.2751	0.2971	0.7049	0.7023	0.7322	0.7170	3200	1.0156	0.0313
5	3	8	150	deviance	0.2768	0.2949	0.7043	0.7036	0.7296	0.7164	3200	1.8125	0.0344
2	3	8	200	gdi	0.2879	0.3078	0.6903	0.6907	0.7447	0.7167	3200	0.6250	0.0000
3	3	8	200	gdi	0.2885	0.3050	0.6940	0.6939	0.7551	0.7232	3200	1.2656	0.0000
5	3	8	200	gdi	0.2864	0.3099	0.6905	0.6890	0.7358	0.7116	3200	1.6875	0.0187
2	3	8	200	twoing	0.2653	0.2788	0.7214	0.7201	0.7533	0.7363	3200	0.6875	0.0078
3	3	8	200	twoing	0.2692	0.2831	0.7164	0.7161	0.7467	0.7311	3200	1.2188	0.0000
5	3	8	200	twoing	0.2695	0.2983	0.6993	0.7000	0.7317	0.7154	3200	1.3281	0.0000
2	3	8	200	deviance	0.2592	0.2742	0.7261	0.7249	0.7551	0.7397	3200	0.6563	0.0469
3	3	8	200	deviance	0.2593	0.2812	0.7165	0.7173	0.7450	0.7308	3200	1.2031	0.0000
5	3	8	200	deviance	0.2592	0.2829	0.7162	0.7152	0.7441	0.7293	3200	1.7188	0.0000
2	3	8	400	gdi	0.2008	0.2376	0.7620	0.7621	0.8013	0.7812	3200	0.7344	0.0078
3	3	8	400	gdi	0.1985	0.2374	0.7612	0.7614	0.7932	0.7770	3200	1.0938	0.0052
5	3	8	400	gdi	0.1983	0.2363	0.7645	0.7634	0.7989	0.7807	3200	2.0938	0.0219
2	3	8	400	twoing	0.1803	0.2199	0.7797	0.7792	0.7877	0.7834	3200	0.6563	0.0000
3	3	8	400	twoing	0.1805	0.2230	0.7757	0.7760	0.7839	0.7799	3200	1.1719	0.0000
5	3	8	400	twoing	0.1825	0.2194	0.7815	0.7802	0.7927	0.7864	3200	1.7188	0.0219
2	3	8	400	deviance	0.1629	0.2154	0.7847	0.7844	0.7896	0.7870	3200	0.7031	0.0000
3	3	8	400	deviance	0.1691	0.2067	0.7935	0.7928	0.8001	0.7964	3200	1.0938	0.0052
5	3	8	400	deviance	0.1705	0.2125	0.7879	0.7870	0.7946	0.7908	3200	1.7656	0.0000
2	3	8	800	gdi	0.1055	0.1730	0.8277	0.8269	0.8321	0.8295	3200	1.0000	0.0234
3	3	8	800	gdi	0.1118	0.1799	0.8200	0.8195	0.8308	0.8251	3200	1.2500	0.0052
5	3	8	800	gdi	0.1068	0.1719	0.8276	0.8275	0.8311	0.8293	3200	1.7813	0.0063
2	3	8	800	twoing	0.0991	0.1611	0.8377	0.8380	0.8393	0.8387	3200	0.7344	0.0078
3	3	8	800	twoing	0.1051	0.1672	0.8326	0.8325	0.8344	0.8334	3200	1.1563	0.0104
5	3	8	800	twoing	0.1007	0.1680	0.8326	0.8316	0.8337	0.8326	3200	1.7969	0.0219
2	3	8	800	deviance	0.0848	0.1576	0.8408	0.8415	0.8418	0.8417	3200	0.8281	0.0000
3	3	8	800	deviance	0.0904	0.1525	0.8470	0.8464	0.8479	0.8471	3200	1.2656	0.0625
5	3	8	800	deviance	0.0891	0.1571	0.8431	0.8425	0.8449	0.8437	3200	1.8750	0.0187
2	3	8	1600	gdi	0.0742	0.1541	0.8445	0.8451	0.8456	0.8454	3200	0.7031	0.0078
3	3	8	1600	gdi	0.0741	0.1557	0.8447	0.8440	0.8444	0.8442	3200	1.4063	0.0000
5	3	8	1600	gdi	0.0750	0.1612	0.8391	0.8386	0.8402	0.8394	3200	1.7031	0.0031
2	3	8	1600	twoing	0.0779	0.1547	0.8461	0.8449	0.8470	0.8460	3200	0.8438	0.0000
3	3	8	1600	twoing	0.0794	0.1555	0.8443	0.8442	0.8452	0.8447	3200	0.9531	0.0052
5	3	8	1600	twoing	0.0786	0.1559	0.8433	0.8436	0.8446	0.8441	3200	2.1094	0.0219
2	3	8	1600	deviance	0.0707	0.1522	0.8470	0.8473	0.8479	0.8476	3200	1.0000	0.0000
3	3	8	1600	deviance	0.0712	0.1562	0.8435	0.8436	0.8436	0.8436	3200	1.3438	0.0573
5	3	8	1600	deviance	0.0699	0.1553	0.8446	0.8443	0.8451	0.8447	3200	2.2188	0.0187
2	3	10	25	gdi	0.6249	0.6295	0.3672	0.3660	NaN	NaN	3200	0.5781	0.0000
3	3	10	25	gdi	0.6283	0.6288	0.3744	0.3682	NaN	NaN	3200	1.0938	0.0000
5	3	10	25	gdi	0.6259	0.6292	0.3723	0.3677	NaN	NaN	3200	1.4688	0.0094
2	3	10	25	twoing	0.5152	0.5238	0.4733	0.4755	NaN	NaN	3200	0.5313	0.0000
3	3	10	25	twoing	0.5087	0.5159	0.4806	0.4829	NaN	NaN	3200	0.9844	0.0000
5	3	10	25	twoing	0.5110	0.5135	0.4874	0.4863	NaN	NaN	3200	1.4531	0.0000
2	3	10	25	deviance	0.5227	0.5251	0.4741	0.4727	NaN	NaN	3200	0.5313	0.0000
3	3	10	25	deviance	0.5196	0.5280	0.4670	0.4688	NaN	NaN	3200	0.9531	0.0000
5	3	10	25	deviance	0.5242	0.5253	0.4742	0.4725	NaN	NaN	3200	1.3281	0.0219
2	3	10	100	gdi	0.3730	0.3768	0.6219	0.6208	0.7220	0.6676	3200	0.5625	0.0078
3	3	10	100	gdi	0.3777	0.3908	0.6099	0.6072	NaN	NaN	3200	1.1719	0.0000
5	3	10	100	gdi	0.3664	0.3756	0.6238	0.6224	0.7318	0.6726	3200	1.4844	0.0187
2	3	10	100	twoing	0.3420	0.3456	0.6534	0.6533	0.7017	0.6766	3200	0.7969	0.0000
3	3	10	100	twoing	0.3471	0.3633	0.6369	0.6354	0.7151	0.6728	3200	0.7500	0.0313
5	3	10	100	twoing	0.3410	0.3509	0.6488	0.6483	0.7114	0.6784	3200	1.7969	0.0000
2	3	10	100	deviance	0.3225	0.3274	0.6698	0.6698	0.7210	0.6944	3200	0.6563	0.0156
3	3	10	100	deviance	0.3274	0.3389	0.6586	0.6594	0.7022	0.6801	3200	1.0469	0.0000
5	3	10	100	deviance	0.3273	0.3390	0.6604	0.6593	0.7031	0.6805	3200	1.9375	0.0344
2	3	10	150	gdi	0.3296	0.3315	0.6647	0.6664	0.7444	0.7032	3200	0.5313	0.0000
3	3	10	150	gdi	0.3294	0.3422	0.6586	0.6569	0.7328	0.6928	3200	1.2500	0.0000
5	3	10	150	gdi	0.3248	0.3394	0.6612	0.6594	0.7455	0.6998	3200	1.9219	0.0406
2	3	10	150	twoing	0.2889	0.3067	0.6948	0.6927	0.7224	0.7072	3200	0.7031	0.0000
3	3	10	150	twoing	0.2938	0.3060	0.6943	0.6937	0.7323	0.7125	3200	1.2656	0.0052
5	3	10	150	twoing	0.2911	0.3068	0.6919	0.6918	0.7262	0.7086	3200	2.1875	0.0000
2	3	10	150	deviance	0.2768	0.2928	0.7073	0.7064	0.7353	0.7205	3200	0.6250	0.0547
3	3	10	150	deviance	0.2785	0.2993	0.7007	0.6994	0.7348	0.7167	3200	1.0625	0.0052
5	3	10	150	deviance	0.2781	0.2971	0.7021	0.7016	0.7339	0.7174	3200	1.8906	0.0000
2	3	10	200	gdi	0.2846	0.3034	0.6952	0.6953	0.7552	0.7240	3200	0.7500	0.0000
3	3	10	200	gdi	0.2837	0.3022	0.6967	0.6960	0.7493	0.7217	3200	1.0781	0.0000
5	3	10	200	gdi	0.2815	0.3079	0.6926	0.6912	0.7502	0.7195	3200	1.8125	0.0000
2	3	10	200	twoing	0.2671	0.2873	0.7148	0.7120	0.7430	0.7271	3200	0.8125	0.0156
3	3	10	200	twoing	0.2662	0.2843	0.7176	0.7152	0.7487	0.7315	3200	1.1250	0.0313
5	3	10	200	twoing	0.2701	0.2906	0.7095	0.7087	0.7430	0.7255	3200	1.5625	0.0375
2	3	10	200	deviance	0.2581	0.2799	0.7198	0.7188	0.7476	0.7329	3200	0.7500	0.0000
3	3	10	200	deviance	0.2591	0.2925	0.7081	0.7066	0.7314	0.7188	3200	1.0625	0.0052
5	3	10	200	deviance	0.2569	0.2712	0.7286	0.7276	0.7549	0.7409	3200	1.8594	0.0000
2	3	10	400	gdi	0.1957	0.2475	0.7542	0.7522	0.7838	0.7677	3200	0.7813	0.0000
3	3	10	400	gdi	0.1991	0.2390	0.7606	0.7600	0.7917	0.7755	3200	1.1563	0.0156
5	3	10	400	gdi	0.2016	0.2339	0.7672	0.7658	0.7982	0.7816	3200	2.1719	0.0000
2	3	10	400	twoing	0.1806	0.2244	0.7742	0.7745	0.7847	0.7796	3200	0.6250	0.0078
3	3	10	400	twoing	0.1801	0.2163	0.7848	0.7829	0.7939	0.7883	3200	1.0625	0.0052
5	3	10	400	twoing	0.1845	0.2275	0.7721	0.7714	0.7836	0.7775	3200	1.9375	0.0000
2	3	10	400	deviance	0.1644	0.2043	0.7969	0.7953	0.8025	0.7989	3200	0.8906	0.0078
3	3	10	400	deviance	0.1654	0.2111	0.7889	0.7884	0.7958	0.7921	3200	1.1250	0.0000
5	3	10	400	deviance	0.1680	0.2121	0.7879	0.7871	0.7944	0.7907	3200	1.9531	0.0219
2	3	10	800	gdi	0.1024	0.1734	0.8267	0.8266	0.8296	0.8281	3200	1.0625	0.0078
3	3	10	800	gdi	0.1010	0.1659	0.8346	0.8338	0.8366	0.8352	3200	1.1563	0.0000
5	3	10	800	gdi	0.1032	0.1709	0.8278	0.8279	0.8312	0.8295	3200	1.8125	0.0187
2	3	10	800	twoing	0.0952	0.1693	0.8306	0.8301	0.8325	0.8313	3200	0.9844	0.0781
3	3	10	800	twoing	0.0995	0.1737	0.8260	0.8256	0.8275	0.8265	3200	1.0156	0.0156
5	3	10	800	twoing	0.0983	0.1680	0.8323	0.8319	0.8340	0.8329	3200	2.1719	0.0219
2	3	10	800	deviance	0.0875	0.1568	0.8411	0.8421	0.8434	0.8427	3200	0.7656	0.0000
3	3	10	800	deviance	0.0880	0.1572	0.8438	0.8427	0.8432	0.8430	3200	1.2031	0.0313
5	3	10	800	deviance	0.0862	0.1626	0.8365	0.8365	0.8387	0.8376	3200	1.8125	0.0375
2	3	10	1600	gdi	0.0837	0.1592	0.8416	0.8406	0.8426	0.8416	3200	0.8906	0.0000
3	3	10	1600	gdi	0.0848	0.1637	0.8366	0.8358	0.8373	0.8365	3200	1.1406	0.0052
5	3	10	1600	gdi	0.0859	0.1621	0.8373	0.8371	0.8389	0.8380	3200	1.8750	0.0000
2	3	10	1600	twoing	0.0876	0.1688	0.8314	0.8305	0.8304	0.8305	3200	0.9531	0.0703
3	3	10	1600	twoing	0.0883	0.1611	0.8391	0.8384	0.8401	0.8392	3200	1.1719	0.0000
5	3	10	1600	twoing	0.0888	0.1705	0.8301	0.8292	0.8301	0.8297	3200	1.7969	0.0031
2	3	10	1600	deviance	0.0803	0.1594	0.8406	0.8402	0.8411	0.8406	3200	0.7500	0.0391
3	3	10	1600	deviance	0.0823	0.1611	0.8389	0.8384	0.8408	0.8396	3200	1.3281	0.0000
5	3	10	1600	deviance	0.0808	0.1569	0.8426	0.8425	0.8442	0.8434	3200	1.8125	0.0219
2	3	12	25	gdi	0.6282	0.6285	0.3755	0.3688	NaN	NaN	3200	0.7344	0.0000
3	3	12	25	gdi	0.6261	0.6355	0.3655	0.3613	NaN	NaN	3200	1.0313	0.0000
5	3	12	25	gdi	0.6260	0.6297	0.3689	0.3666	NaN	NaN	3200	1.5313	0.0063
2	3	12	25	twoing	0.5132	0.5091	0.4891	0.4898	NaN	NaN	3200	0.7031	0.0000
3	3	12	25	twoing	0.5102	0.5125	0.4847	0.4860	NaN	NaN	3200	0.8750	0.0104
5	3	12	25	twoing	0.5132	0.5196	0.4791	0.4795	NaN	NaN	3200	1.6094	0.0375
2	3	12	25	deviance	0.5304	0.5228	0.4763	0.4755	NaN	NaN	3200	0.8438	0.0078
3	3	12	25	deviance	0.5264	0.5285	0.4773	0.4711	NaN	NaN	3200	1.0313	0.0052
5	3	12	25	deviance	0.5283	0.5383	0.4626	0.4599	NaN	NaN	3200	1.4688	0.0000
2	3	12	100	gdi	0.3664	0.3845	0.6169	0.6143	0.7373	0.6702	3200	0.7031	0.0547
3	3	12	100	gdi	0.3672	0.3798	0.6180	0.6175	0.7371	0.6720	3200	1.3125	0.0313
5	3	12	100	gdi	0.3658	0.3700	0.6291	0.6282	0.7445	0.6814	3200	1.7656	0.0000
2	3	12	100	twoing	0.3412	0.3527	0.6467	0.6458	0.6987	0.6712	3200	0.6406	0.0625
3	3	12	100	twoing	0.3420	0.3560	0.6433	0.6426	0.7096	0.6744	3200	0.9688	0.0000
5	3	12	100	twoing	0.3404	0.3456	0.6527	0.6525	0.7109	0.6805	3200	1.7344	0.0187
2	3	12	100	deviance	0.3194	0.3465	0.6536	0.6516	0.6947	0.6724	3200	0.6250	0.0469
3	3	12	100	deviance	0.3265	0.3404	0.6569	0.6571	0.7024	0.6790	3200	1.2969	0.0000
5	3	12	100	deviance	0.3308	0.3528	0.6483	0.6457	0.6943	0.6691	3200	1.6563	0.0000
2	3	12	150	gdi	0.3291	0.3420	0.6597	0.6568	0.7386	0.6953	3200	0.8281	0.0469
3	3	12	150	gdi	0.3257	0.3472	0.6524	0.6518	0.7367	0.6916	3200	0.9531	0.0000
5	3	12	150	gdi	0.3225	0.3423	0.6573	0.6566	0.7268	0.6899	3200	1.8281	0.0063
2	3	12	150	twoing	0.2916	0.3215	0.6781	0.6774	0.7121	0.6943	3200	0.5156	0.0078
3	3	12	150	twoing	0.2956	0.3117	0.6898	0.6879	0.7221	0.7045	3200	1.0625	0.0000
5	3	12	150	twoing	0.2938	0.3191	0.6814	0.6800	0.7148	0.6969	3200	1.5469	0.0063
2	3	12	150	deviance	0.2789	0.2980	0.7011	0.7006	0.7252	0.7127	3200	0.6563	0.0078
3	3	12	150	deviance	0.2770	0.2928	0.7059	0.7058	0.7294	0.7174	3200	0.9531	0.0000
5	3	12	150	deviance	0.2781	0.3037	0.6966	0.6952	0.7272	0.7108	3200	1.3438	0.0031
2	3	12	200	gdi	0.2772	0.2912	0.7056	0.7072	0.7598	0.7325	3200	0.6875	0.0391
3	3	12	200	gdi	0.2800	0.3003	0.6971	0.6977	0.7576	0.7264	3200	1.1250	0.0365
5	3	12	200	gdi	0.2810	0.3049	0.6957	0.6943	0.7478	0.7200	3200	1.6875	0.0000
2	3	12	200	twoing	0.2605	0.2839	0.7170	0.7152	0.7398	0.7273	3200	0.7188	0.0000
3	3	12	200	twoing	0.2709	0.2933	0.7071	0.7061	0.7462	0.7256	3200	1.0156	0.0625
5	3	12	200	twoing	0.2655	0.2869	0.7113	0.7110	0.7429	0.7266	3200	1.3906	0.0000
2	3	12	200	deviance	0.2571	0.2795	0.7197	0.7198	0.7492	0.7342	3200	0.7813	0.0000
3	3	12	200	deviance	0.2632	0.2922	0.7088	0.7063	0.7415	0.7235	3200	0.9844	0.0000
5	3	12	200	deviance	0.2565	0.2908	0.7080	0.7080	0.7338	0.7206	3200	1.8906	0.0187
2	3	12	400	gdi	0.1968	0.2323	0.7680	0.7673	0.7998	0.7832	3200	0.7500	0.0000
3	3	12	400	gdi	0.2021	0.2320	0.7667	0.7671	0.7976	0.7820	3200	1.0781	0.0365
5	3	12	400	gdi	0.2014	0.2430	0.7552	0.7558	0.7901	0.7726	3200	1.9531	0.0094
2	3	12	400	twoing	0.1786	0.2273	0.7744	0.7722	0.7847	0.7784	3200	0.8438	0.0469
3	3	12	400	twoing	0.1806	0.2282	0.7713	0.7709	0.7850	0.7779	3200	1.1719	0.0625
5	3	12	400	twoing	0.1794	0.2204	0.7786	0.7786	0.7882	0.7834	3200	1.9688	0.0187
2	3	12	400	deviance	0.1650	0.2083	0.7919	0.7919	0.7998	0.7958	3200	0.9219	0.0000
3	3	12	400	deviance	0.1635	0.2068	0.7929	0.7919	0.7986	0.7953	3200	1.2656	0.0000
5	3	12	400	deviance	0.1707	0.2145	0.7863	0.7854	0.7941	0.7897	3200	2.0469	0.0187
2	3	12	800	gdi	0.0977	0.1707	0.8295	0.8280	0.8303	0.8292	3200	0.7969	0.0078
3	3	12	800	gdi	0.0953	0.1651	0.8332	0.8338	0.8341	0.8339	3200	1.2344	0.0365
5	3	12	800	gdi	0.0981	0.1723	0.8274	0.8270	0.8291	0.8280	3200	2.0000	0.0406
2	3	12	800	twoing	0.0998	0.1743	0.8264	0.8258	0.8276	0.8267	3200	0.9219	0.0000
3	3	12	800	twoing	0.0997	0.1716	0.8278	0.8275	0.8295	0.8285	3200	1.1719	0.0260
5	3	12	800	twoing	0.1003	0.1641	0.8364	0.8359	0.8367	0.8363	3200	1.8125	0.0000
2	3	12	800	deviance	0.0914	0.1591	0.8387	0.8402	0.8404	0.8403	3200	0.7031	0.0469
3	3	12	800	deviance	0.0918	0.1549	0.8448	0.8441	0.8449	0.8445	3200	1.0313	0.0000
5	3	12	800	deviance	0.0906	0.1547	0.8451	0.8448	0.8465	0.8456	3200	1.9531	0.0031
2	3	12	1600	gdi	0.0929	0.1737	0.8266	0.8260	0.8272	0.8266	3200	0.7656	0.0000
3	3	12	1600	gdi	0.0932	0.1562	0.8433	0.8431	0.8449	0.8440	3200	0.9844	0.0000
5	3	12	1600	gdi	0.0936	0.1681	0.8303	0.8309	0.8327	0.8318	3200	2.0938	0.0000
2	3	12	1600	twoing	0.1010	0.1735	0.8253	0.8254	0.8274	0.8264	3200	0.8125	0.0000
3	3	12	1600	twoing	0.0986	0.1712	0.8292	0.8284	0.8307	0.8296	3200	1.2031	0.0000
5	3	12	1600	twoing	0.0985	0.1667	0.8332	0.8329	0.8345	0.8337	3200	2.0781	0.0187
2	3	12	1600	deviance	0.0902	0.1616	0.8366	0.8372	0.8383	0.8378	3200	0.7813	0.0469
3	3	12	1600	deviance	0.0918	0.1566	0.8431	0.8428	0.8450	0.8439	3200	1.0625	0.0000
5	3	12	1600	deviance	0.0890	0.1608	0.8390	0.8389	0.8417	0.8403	3200	2.1875	0.0219
2	3	14	25	gdi	0.6267	0.6289	0.3725	0.3679	NaN	NaN	3200	0.5938	0.0156
3	3	14	25	gdi	0.6263	0.6291	0.3698	0.3675	NaN	NaN	3200	1.1250	0.0000
5	3	14	25	gdi	0.6273	0.6297	0.3714	0.3676	NaN	NaN	3200	1.5938	0.0031
2	3	14	25	twoing	0.5173	0.5217	0.4750	0.4771	NaN	NaN	3200	0.5469	0.0469
3	3	14	25	twoing	0.5159	0.5191	0.4758	0.4791	NaN	NaN	3200	1.2969	0.0000
5	3	14	25	twoing	0.5182	0.5294	0.4671	0.4694	NaN	NaN	3200	1.4688	0.0406
2	3	14	25	deviance	0.5255	0.5300	0.4728	0.4686	NaN	NaN	3200	0.7031	0.0000
3	3	14	25	deviance	0.5244	0.5285	0.4682	0.4684	NaN	NaN	3200	1.2031	0.0156
5	3	14	25	deviance	0.5222	0.5229	0.4789	0.4751	NaN	NaN	3200	1.6563	0.0031
2	3	14	100	gdi	0.3724	0.3841	0.6159	0.6140	0.7285	0.6663	3200	0.5938	0.0859
3	3	14	100	gdi	0.3690	0.3800	0.6177	0.6179	0.7347	0.6712	3200	0.9531	0.0313
5	3	14	100	gdi	0.3813	0.3921	0.6044	0.6056	0.7180	0.6567	3200	1.9063	0.0000
2	3	14	100	twoing	0.3398	0.3561	0.6416	0.6421	0.7103	0.6745	3200	0.6719	0.0156
3	3	14	100	twoing	0.3428	0.3575	0.6444	0.6417	0.6953	0.6674	3200	1.1406	0.0000
5	3	14	100	twoing	0.3427	0.3524	0.6476	0.6470	0.7129	0.6784	3200	1.6875	0.0094
2	3	14	100	deviance	0.3284	0.3286	0.6669	0.6686	0.7273	0.6967	3200	0.5156	0.0078
3	3	14	100	deviance	0.3307	0.3424	0.6601	0.6566	0.7106	0.6825	3200	0.9375	0.0417
5	3	14	100	deviance	0.3287	0.3364	0.6619	0.6616	0.7089	0.6844	3200	1.5313	0.0031
2	3	14	150	gdi	0.3193	0.3461	0.6553	0.6537	0.7371	0.6929	3200	0.5469	0.0000
3	3	14	150	gdi	0.3234	0.3385	0.6621	0.6604	0.7342	0.6954	3200	1.0313	0.0573
5	3	14	150	gdi	0.3268	0.3375	0.6615	0.6610	0.7373	0.6970	3200	1.7500	0.0406
2	3	14	150	twoing	0.2958	0.3059	0.6938	0.6934	0.7334	0.7128	3200	0.8281	0.0000
3	3	14	150	twoing	0.2910	0.3147	0.6841	0.6842	0.7195	0.7014	3200	1.1563	0.0000
5	3	14	150	twoing	0.2925	0.3094	0.6882	0.6892	0.7248	0.7065	3200	1.5781	0.0000
2	3	14	150	deviance	0.2803	0.2982	0.7005	0.7007	0.7305	0.7153	3200	0.5781	0.0078
3	3	14	150	deviance	0.2780	0.2950	0.7048	0.7041	0.7379	0.7206	3200	0.8906	0.0000
5	3	14	150	deviance	0.2782	0.2992	0.6989	0.6994	0.7260	0.7124	3200	1.7344	0.0094
2	3	14	200	gdi	0.2816	0.2944	0.7063	0.7041	0.7575	0.7298	3200	0.6250	0.0078
3	3	14	200	gdi	0.2772	0.3052	0.6937	0.6935	0.7448	0.7182	3200	0.6719	0.0052
5	3	14	200	gdi	0.2777	0.3005	0.6989	0.6980	0.7508	0.7234	3200	1.7813	0.0375
2	3	14	200	twoing	0.2678	0.2849	0.7175	0.7145	0.7449	0.7293	3200	0.6094	0.0000
3	3	14	200	twoing	0.2611	0.2787	0.7207	0.7200	0.7433	0.7315	3200	0.8906	0.0052
5	3	14	200	twoing	0.2587	0.2821	0.7175	0.7171	0.7395	0.7281	3200	1.4688	0.0000
2	3	14	200	deviance	0.2568	0.2718	0.7273	0.7268	0.7478	0.7371	3200	0.5469	0.0078
3	3	14	200	deviance	0.2598	0.2765	0.7237	0.7219	0.7442	0.7329	3200	1.1875	0.0052
5	3	14	200	deviance	0.2539	0.2828	0.7154	0.7158	0.7435	0.7294	3200	1.8281	0.0063
2	3	14	400	gdi	0.1971	0.2350	0.7653	0.7646	0.7973	0.7806	3200	0.7500	0.0000
3	3	14	400	gdi	0.1890	0.2305	0.7699	0.7689	0.7929	0.7807	3200	1.1094	0.0000
5	3	14	400	gdi	0.1878	0.2253	0.7747	0.7740	0.8029	0.7882	3200	2.0156	0.0031
2	3	14	400	twoing	0.1810	0.2186	0.7808	0.7811	0.7866	0.7839	3200	0.7344	0.0000
3	3	14	400	twoing	0.1799	0.2193	0.7804	0.7797	0.7872	0.7834	3200	0.9375	0.0313
5	3	14	400	twoing	0.1825	0.2261	0.7726	0.7729	0.7821	0.7775	3200	1.8594	0.0125
2	3	14	400	deviance	0.1657	0.2041	0.7967	0.7957	0.8008	0.7983	3200	0.7188	0.0156
3	3	14	400	deviance	0.1683	0.2059	0.7925	0.7930	0.7995	0.7962	3200	1.0156	0.0104
5	3	14	400	deviance	0.1664	0.2134	0.7864	0.7857	0.7931	0.7894	3200	1.8281	0.0187
2	3	14	800	gdi	0.0995	0.1701	0.8295	0.8292	0.8305	0.8299	3200	0.7344	0.0078
3	3	14	800	gdi	0.1028	0.1694	0.8305	0.8300	0.8323	0.8311	3200	1.3750	0.0000
5	3	14	800	gdi	0.1032	0.1719	0.8281	0.8277	0.8287	0.8282	3200	2.0469	0.0313
2	3	14	800	twoing	0.1080	0.1684	0.8319	0.8317	0.8326	0.8322	3200	0.7344	0.0938
3	3	14	800	twoing	0.1086	0.1744	0.8259	0.8252	0.8267	0.8259	3200	1.1719	0.0000
5	3	14	800	twoing	0.1077	0.1724	0.8277	0.8274	0.8285	0.8279	3200	2.1563	0.0031
2	3	14	800	deviance	0.0984	0.1675	0.8319	0.8319	0.8321	0.8320	3200	0.7969	0.0000
3	3	14	800	deviance	0.0996	0.1688	0.8315	0.8307	0.8324	0.8315	3200	1.3281	0.0000
5	3	14	800	deviance	0.0984	0.1657	0.8334	0.8333	0.8351	0.8342	3200	1.9063	0.0187
2	3	14	1600	gdi	0.1034	0.1691	0.8316	0.8313	0.8322	0.8317	3200	0.8281	0.0547
3	3	14	1600	gdi	0.1020	0.1661	0.8325	0.8328	0.8340	0.8334	3200	1.0625	0.0000
5	3	14	1600	gdi	0.1028	0.1704	0.8294	0.8291	0.8315	0.8303	3200	2.1094	0.0187
2	3	14	1600	twoing	0.1080	0.1728	0.8278	0.8269	0.8296	0.8283	3200	0.7188	0.0000
3	3	14	1600	twoing	0.1070	0.1790	0.8223	0.8209	0.8232	0.8221	3200	1.0000	0.0000
5	3	14	1600	twoing	0.1092	0.1721	0.8279	0.8275	0.8283	0.8279	3200	1.8438	0.0000
2	3	14	1600	deviance	0.1001	0.1679	0.8331	0.8326	0.8337	0.8332	3200	0.7188	0.0078
3	3	14	1600	deviance	0.0987	0.1686	0.8299	0.8304	0.8314	0.8309	3200	1.4063	0.0417
5	3	14	1600	deviance	0.0992	0.1679	0.8316	0.8314	0.8335	0.8324	3200	2.0000	0.0281
2	5	6	25	gdi	0.6279	0.6289	0.3703	0.3672	NaN	NaN	3200	0.5938	0.0156
3	5	6	25	gdi	0.6403	0.6390	0.3549	0.3565	NaN	NaN	3200	0.9688	0.0052
5	5	6	25	gdi	0.6260	0.6298	0.3661	0.3659	NaN	NaN	3200	1.7344	0.0219
2	5	6	25	twoing	0.5125	0.5180	0.4827	0.4815	NaN	NaN	3200	0.6719	0.0000
3	5	6	25	twoing	0.5105	0.5145	0.4880	0.4848	NaN	NaN	3200	0.9844	0.0000
5	5	6	25	twoing	0.5198	0.5292	0.4681	0.4699	NaN	NaN	3200	1.3125	0.0094
2	5	6	25	deviance	0.5282	0.5281	0.4661	0.4706	NaN	NaN	3200	0.6719	0.0000
3	5	6	25	deviance	0.5261	0.5278	0.4727	0.4700	NaN	NaN	3200	0.9688	0.0521
5	5	6	25	deviance	0.5272	0.5248	0.4741	0.4734	NaN	NaN	3200	1.8281	0.0344
2	5	6	100	gdi	0.3684	0.3791	0.6220	0.6198	0.7416	0.6752	3200	0.7500	0.0000
3	5	6	100	gdi	0.3662	0.3783	0.6229	0.6199	0.7333	0.6719	3200	0.9063	0.0052
5	5	6	100	gdi	0.3730	0.3815	0.6189	0.6171	0.7325	0.6698	3200	1.5469	0.0000
2	5	6	100	twoing	0.3390	0.3466	0.6509	0.6522	0.7121	0.6808	3200	0.7813	0.0781
3	5	6	100	twoing	0.3379	0.3511	0.6479	0.6476	0.6989	0.6722	3200	0.9844	0.0000
5	5	6	100	twoing	0.3399	0.3569	0.6407	0.6418	0.7115	0.6748	3200	1.6406	0.0375
2	5	6	100	deviance	0.3202	0.3331	0.6659	0.6651	0.7036	0.6838	3200	0.7188	0.0000
3	5	6	100	deviance	0.3281	0.3374	0.6640	0.6617	0.7056	0.6829	3200	0.9844	0.0313
5	5	6	100	deviance	0.3263	0.3453	0.6530	0.6527	0.7040	0.6773	3200	1.8594	0.0000
2	5	6	150	gdi	0.3527	0.3652	0.6316	0.6325	0.7388	0.6812	3200	0.7031	0.0313
3	5	6	150	gdi	0.3273	0.3500	0.6492	0.6486	0.7273	0.6857	3200	1.3906	0.0313
5	5	6	150	gdi	0.3262	0.3424	0.6584	0.6567	0.7415	0.6965	3200	2.1719	0.0000
2	5	6	150	twoing	0.2942	0.3263	0.6730	0.6734	0.7078	0.6901	3200	0.5938	0.0000
3	5	6	150	twoing	0.2964	0.3048	0.6924	0.6945	0.7280	0.7108	3200	0.9688	0.0104
5	5	6	150	twoing	0.2899	0.3141	0.6851	0.6849	0.7205	0.7023	3200	2.2344	0.0000
2	5	6	150	deviance	0.2775	0.2970	0.7020	0.7018	0.7340	0.7175	3200	0.5625	0.0000
3	5	6	150	deviance	0.2794	0.2975	0.7009	0.7009	0.7322	0.7162	3200	1.0781	0.0104
5	5	6	150	deviance	0.2794	0.3019	0.6983	0.6967	0.7297	0.7128	3200	1.4063	0.0250
2	5	6	200	gdi	0.2882	0.3044	0.6964	0.6940	0.7413	0.7169	3200	0.7188	0.0000
3	5	6	200	gdi	0.2861	0.3039	0.6944	0.6944	0.7518	0.7219	3200	1.1094	0.0313
5	5	6	200	gdi	0.2862	0.3004	0.7021	0.6993	0.7509	0.7242	3200	1.7500	0.0781
2	5	6	200	twoing	0.2696	0.2842	0.7181	0.7154	0.7379	0.7265	3200	0.8438	0.0000
3	5	6	200	twoing	0.2678	0.2891	0.7099	0.7081	0.7406	0.7240	3200	0.9531	0.0000
5	5	6	200	twoing	0.2707	0.2859	0.7157	0.7138	0.7476	0.7303	3200	2.2188	0.0000
2	5	6	200	deviance	0.2592	0.2685	0.7334	0.7304	0.7601	0.7450	3200	0.6250	0.0469
3	5	6	200	deviance	0.2623	0.2848	0.7139	0.7135	0.7486	0.7306	3200	1.2656	0.0000
5	5	6	200	deviance	0.2665	0.2873	0.7100	0.7114	0.7443	0.7275	3200	1.6719	0.0219
2	5	6	400	gdi	0.2048	0.2441	0.7541	0.7547	0.7852	0.7696	3200	0.7656	0.0000
3	5	6	400	gdi	0.2039	0.2366	0.7637	0.7629	0.7887	0.7756	3200	1.0313	0.0000
5	5	6	400	gdi	0.2047	0.2399	0.7603	0.7596	0.7921	0.7755	3200	1.6094	0.0187
2	5	6	400	twoing	0.1798	0.2243	0.7775	0.7756	0.7857	0.7806	3200	0.8281	0.0000
3	5	6	400	twoing	0.1858	0.2167	0.7823	0.7828	0.7900	0.7864	3200	1.2188	0.0313
5	5	6	400	twoing	0.1817	0.2209	0.7767	0.7774	0.7885	0.7829	3200	1.7813	0.0219
2	5	6	400	deviance	0.1695	0.2037	0.7969	0.7957	0.8031	0.7994	3200	0.8750	0.0000
3	5	6	400	deviance	0.1711	0.2090	0.7898	0.7904	0.7966	0.7935	3200	1.0938	0.0000
5	5	6	400	deviance	0.1725	0.2165	0.7826	0.7827	0.7913	0.7870	3200	2.2344	0.0000
2	5	6	800	gdi	0.1117	0.1736	0.8259	0.8259	0.8289	0.8274	3200	0.7813	0.0000
3	5	6	800	gdi	0.1127	0.1784	0.8221	0.8214	0.8249	0.8231	3200	1.2969	0.0000
5	5	6	800	gdi	0.1169	0.1744	0.8254	0.8255	0.8294	0.8274	3200	1.8438	0.0031
2	5	6	800	twoing	0.1098	0.1710	0.8284	0.8286	0.8300	0.8293	3200	0.7656	0.0469
3	5	6	800	twoing	0.1110	0.1763	0.8244	0.8235	0.8257	0.8246	3200	1.0313	0.0625
5	5	6	800	twoing	0.1093	0.1691	0.8313	0.8306	0.8332	0.8319	3200	2.1406	0.0625
2	5	6	800	deviance	0.0993	0.1721	0.8272	0.8270	0.8287	0.8278	3200	1.0469	0.0469
3	5	6	800	deviance	0.1014	0.1684	0.8314	0.8315	0.8328	0.8321	3200	1.2656	0.0052
5	5	6	800	deviance	0.0995	0.1671	0.8331	0.8325	0.8352	0.8339	3200	2.1094	0.0250
2	5	6	1600	gdi	0.0996	0.1654	0.8342	0.8341	0.8359	0.8350	3200	0.7188	0.0000
3	5	6	1600	gdi	0.1001	0.1703	0.8295	0.8291	0.8305	0.8298	3200	0.8438	0.0000
5	5	6	1600	gdi	0.1017	0.1729	0.8261	0.8265	0.8276	0.8271	3200	2.2188	0.0219
2	5	6	1600	twoing	0.1038	0.1785	0.8230	0.8216	0.8236	0.8226	3200	0.8125	0.0078
3	5	6	1600	twoing	0.1021	0.1678	0.8319	0.8314	0.8322	0.8318	3200	1.3750	0.0052
5	5	6	1600	twoing	0.1033	0.1731	0.8265	0.8261	0.8275	0.8268	3200	1.8906	0.0313
2	5	6	1600	deviance	0.0983	0.1728	0.8272	0.8267	0.8284	0.8275	3200	0.8594	0.0078
3	5	6	1600	deviance	0.0948	0.1615	0.8377	0.8380	0.8391	0.8385	3200	1.2500	0.0000
5	5	6	1600	deviance	0.0962	0.1668	0.8331	0.8326	0.8342	0.8334	3200	2.1250	0.0000
2	5	8	25	gdi	0.6257	0.6250	0.3691	0.3703	NaN	NaN	3200	0.6094	0.0000
3	5	8	25	gdi	0.6267	0.6324	0.3660	0.3644	NaN	NaN	3200	1.1563	0.0365
5	5	8	25	gdi	0.6248	0.6324	0.3649	0.3635	NaN	NaN	3200	1.3906	0.0063
2	5	8	25	twoing	0.5154	0.5123	0.4833	0.4860	NaN	NaN	3200	0.4531	0.0000
3	5	8	25	twoing	0.5098	0.5244	0.4759	0.4747	NaN	NaN	3200	0.9375	0.0000
5	5	8	25	twoing	0.5137	0.5137	0.4826	0.4846	NaN	NaN	3200	1.6719	0.0000
2	5	8	25	deviance	0.5262	0.5230	0.4773	0.4758	NaN	NaN	3200	0.6250	0.0078
3	5	8	25	deviance	0.5296	0.5266	0.4724	0.4717	NaN	NaN	3200	1.0156	0.0000
5	5	8	25	deviance	0.5221	0.5241	0.4739	0.4732	NaN	NaN	3200	1.3281	0.0031
2	5	8	100	gdi	0.3652	0.3764	0.6258	0.6220	0.7373	0.6747	3200	0.7500	0.0000
3	5	8	100	gdi	0.3710	0.3773	0.6219	0.6211	0.7300	0.6711	3200	0.8906	0.0104
5	5	8	100	gdi	0.3687	0.3838	0.6159	0.6145	0.7279	0.6664	3200	1.7656	0.0031
2	5	8	100	twoing	0.3402	0.3658	0.6344	0.6335	0.6998	0.6649	3200	0.5313	0.0000
3	5	8	100	twoing	0.3431	0.3549	0.6428	0.6431	0.7020	0.6713	3200	0.8125	0.0000
5	5	8	100	twoing	0.3410	0.3518	0.6486	0.6473	0.7104	0.6774	3200	1.7031	0.0250
2	5	8	100	deviance	0.3226	0.3399	0.6581	0.6581	0.6996	0.6782	3200	0.6250	0.0156
3	5	8	100	deviance	0.3243	0.3307	0.6695	0.6673	0.7158	0.6906	3200	1.1094	0.0000
5	5	8	100	deviance	0.3239	0.3410	0.6584	0.6572	0.6999	0.6779	3200	1.5625	0.0031
2	5	8	150	gdi	0.3296	0.3495	0.6519	0.6494	0.7252	0.6852	3200	0.5469	0.0078
3	5	8	150	gdi	0.3246	0.3471	0.6549	0.6531	0.7275	0.6883	3200	1.0156	0.0000
5	5	8	150	gdi	0.3291	0.3437	0.6563	0.6552	0.7334	0.6920	3200	1.6406	0.0000
2	5	8	150	twoing	0.2927	0.3125	0.6897	0.6874	0.7180	0.7024	3200	0.7344	0.0547
3	5	8	150	twoing	0.2893	0.3070	0.6928	0.6922	0.7182	0.7050	3200	1.1719	0.0000
5	5	8	150	twoing	0.2915	0.3116	0.6899	0.6874	0.7219	0.7042	3200	1.6875	0.0031
2	5	8	150	deviance	0.2703	0.2889	0.7127	0.7101	0.7376	0.7236	3200	0.6406	0.0000
3	5	8	150	deviance	0.2748	0.3037	0.6964	0.6954	0.7288	0.7117	3200	1.0469	0.0000
5	5	8	150	deviance	0.2777	0.2994	0.6994	0.6991	0.7290	0.7137	3200	1.5000	0.0219
2	5	8	200	gdi	0.2821	0.3098	0.6877	0.6874	0.7375	0.7116	3200	0.7813	0.0078
3	5	8	200	gdi	0.2845	0.3025	0.6981	0.6958	0.7460	0.7200	3200	0.8594	0.0052
5	5	8	200	gdi	0.2864	0.3058	0.6932	0.6927	0.7434	0.7172	3200	1.8281	0.0187
2	5	8	200	twoing	0.2728	0.2988	0.7019	0.7003	0.7417	0.7204	3200	0.6094	0.0000
3	5	8	200	twoing	0.2700	0.2905	0.7069	0.7078	0.7351	0.7212	3200	1.2188	0.0000
5	5	8	200	twoing	0.2721	0.2872	0.7129	0.7121	0.7423	0.7269	3200	1.6094	0.0000
2	5	8	200	deviance	0.2571	0.2773	0.7236	0.7221	0.7516	0.7365	3200	0.5938	0.0000
3	5	8	200	deviance	0.2602	0.2802	0.7189	0.7188	0.7483	0.7333	3200	1.0000	0.0000
5	5	8	200	deviance	0.2646	0.2837	0.7170	0.7151	0.7437	0.7291	3200	1.3594	0.0281
2	5	8	400	gdi	0.2042	0.2482	0.7503	0.7510	0.7925	0.7712	3200	0.6406	0.0078
3	5	8	400	gdi	0.2015	0.2440	0.7553	0.7551	0.7865	0.7705	3200	0.8906	0.0052
5	5	8	400	gdi	0.2064	0.2411	0.7582	0.7577	0.7947	0.7757	3200	1.6094	0.0187
2	5	8	400	twoing	0.1906	0.2236	0.7750	0.7755	0.7927	0.7840	3200	0.7188	0.0000
3	5	8	400	twoing	0.1856	0.2200	0.7807	0.7797	0.7907	0.7852	3200	1.1563	0.0000
5	5	8	400	twoing	0.1822	0.2240	0.7757	0.7754	0.7838	0.7796	3200	1.7656	0.0031
2	5	8	400	deviance	0.1713	0.2065	0.7934	0.7931	0.8035	0.7982	3200	0.7500	0.0781
3	5	8	400	deviance	0.1749	0.2184	0.7811	0.7809	0.7924	0.7866	3200	1.1094	0.0313
5	5	8	400	deviance	0.1702	0.2161	0.7831	0.7828	0.7879	0.7853	3200	2.0313	0.0375
2	5	8	800	gdi	0.1117	0.1756	0.8242	0.8243	0.8266	0.8254	3200	0.7969	0.0000
3	5	8	800	gdi	0.1098	0.1738	0.8271	0.8259	0.8285	0.8272	3200	1.0625	0.0000
5	5	8	800	gdi	0.1102	0.1729	0.8264	0.8265	0.8291	0.8278	3200	1.8750	0.0406
2	5	8	800	twoing	0.1079	0.1721	0.8275	0.8272	0.8301	0.8287	3200	0.5938	0.0000
3	5	8	800	twoing	0.1111	0.1711	0.8278	0.8279	0.8297	0.8288	3200	1.3281	0.0052
5	5	8	800	twoing	0.1098	0.1735	0.8262	0.8260	0.8280	0.8270	3200	1.7031	0.0375
2	5	8	800	deviance	0.0991	0.1668	0.8328	0.8329	0.8340	0.8335	3200	0.8281	0.0078
3	5	8	800	deviance	0.0993	0.1678	0.8329	0.8319	0.8350	0.8334	3200	1.3125	0.0000
5	5	8	800	deviance	0.1015	0.1662	0.8337	0.8331	0.8337	0.8334	3200	2.0469	0.0000
2	5	8	1600	gdi	0.1025	0.1705	0.8295	0.8291	0.8296	0.8293	3200	0.7344	0.0000
3	5	8	1600	gdi	0.1007	0.1630	0.8372	0.8365	0.8386	0.8375	3200	1.1719	0.0052
5	5	8	1600	gdi	0.1006	0.1690	0.8310	0.8303	0.8321	0.8312	3200	2.1250	0.0000
2	5	8	1600	twoing	0.1024	0.1715	0.8275	0.8274	0.8296	0.8285	3200	0.7500	0.0000
3	5	8	1600	twoing	0.1012	0.1762	0.8227	0.8231	0.8237	0.8234	3200	1.1094	0.0000
5	5	8	1600	twoing	0.1027	0.1724	0.8268	0.8269	0.8278	0.8274	3200	1.8594	0.0375
2	5	8	1600	deviance	0.0952	0.1616	0.8394	0.8385	0.8410	0.8397	3200	0.8438	0.0234
3	5	8	1600	deviance	0.0943	0.1698	0.8301	0.8294	0.8314	0.8304	3200	1.2188	0.0365
5	5	8	1600	deviance	0.0953	0.1597	0.8400	0.8397	0.8414	0.8405	3200	2.0625	0.0250
2	5	10	25	gdi	0.6222	0.6280	0.3619	0.3665	NaN	NaN	3200	0.7813	0.0000
3	5	10	25	gdi	0.6272	0.6240	0.3751	0.3722	NaN	NaN	3200	0.7344	0.0052
5	5	10	25	gdi	0.6272	0.6261	0.3724	0.3701	NaN	NaN	3200	1.7500	0.0187
2	5	10	25	twoing	0.5128	0.5223	0.4773	0.4767	NaN	NaN	3200	0.6406	0.0000
3	5	10	25	twoing	0.5140	0.5076	0.4945	0.4918	NaN	NaN	3200	1.3125	0.0000
5	5	10	25	twoing	0.5134	0.5193	0.4778	0.4793	NaN	NaN	3200	1.4688	0.0031
2	5	10	25	deviance	0.5213	0.5209	0.4780	0.4763	NaN	NaN	3200	0.5000	0.0078
3	5	10	25	deviance	0.5298	0.5295	0.4755	0.4699	NaN	NaN	3200	0.8906	0.0000
5	5	10	25	deviance	0.5260	0.5265	0.4699	0.4709	NaN	NaN	3200	1.5781	0.0344
2	5	10	100	gdi	0.3694	0.3840	0.6128	0.6138	0.7344	0.6687	3200	0.7031	0.0938
3	5	10	100	gdi	0.3696	0.3804	0.6203	0.6181	0.7296	0.6692	3200	0.9844	0.0052
5	5	10	100	gdi	0.3722	0.3878	0.6121	0.6106	NaN	NaN	3200	1.3281	0.0375
2	5	10	100	twoing	0.3433	0.3483	0.6533	0.6507	0.6991	0.6740	3200	0.6094	0.0000
3	5	10	100	twoing	0.3436	0.3567	0.6431	0.6422	0.7101	0.6744	3200	1.1875	0.0000
5	5	10	100	twoing	0.3425	0.3517	0.6484	0.6476	0.7055	0.6753	3200	1.6094	0.0000
2	5	10	100	deviance	0.3238	0.3312	0.6706	0.6677	0.7106	0.6885	3200	0.8125	0.0469
3	5	10	100	deviance	0.3205	0.3225	0.6765	0.6759	0.7115	0.6932	3200	0.8281	0.0000
5	5	10	100	deviance	0.3260	0.3413	0.6585	0.6568	0.7030	0.6791	3200	1.6094	0.0094
2	5	10	150	gdi	0.3243	0.3557	0.6403	0.6429	0.7240	0.6810	3200	0.7500	0.0000
3	5	10	150	gdi	0.3234	0.3431	0.6568	0.6559	0.7354	0.6934	3200	1.0000	0.0000
5	5	10	150	gdi	0.3272	0.3388	0.6614	0.6602	0.7407	0.6981	3200	1.7969	0.0000
2	5	10	150	twoing	0.2982	0.3197	0.6786	0.6792	0.7250	0.7013	3200	0.6250	0.0000
3	5	10	150	twoing	0.2947	0.3096	0.6894	0.6893	0.7184	0.7035	3200	1.0313	0.0052
5	5	10	150	twoing	0.2943	0.3175	0.6808	0.6805	0.7166	0.6980	3200	1.7188	0.0031
2	5	10	150	deviance	0.2762	0.2940	0.7050	0.7029	0.7338	0.7180	3200	0.4844	0.0000
3	5	10	150	deviance	0.2791	0.2980	0.6999	0.7003	0.7265	0.7131	3200	0.9375	0.0104
5	5	10	150	deviance	0.2807	0.3003	0.6977	0.6980	0.7333	0.7152	3200	2.0938	0.0563
2	5	10	200	gdi	0.2899	0.3044	0.6928	0.6939	0.7467	0.7193	3200	0.8906	0.0000
3	5	10	200	gdi	0.2868	0.3050	0.6985	0.6943	0.7501	0.7211	3200	0.9063	0.0000
5	5	10	200	gdi	0.2833	0.3113	0.6888	0.6876	0.7427	0.7140	3200	1.7500	0.0375
2	5	10	200	twoing	0.2645	0.2843	0.7180	0.7150	0.7463	0.7303	3200	0.6563	0.0078
3	5	10	200	twoing	0.2663	0.2791	0.7215	0.7200	0.7425	0.7311	3200	1.0156	0.0052
5	5	10	200	twoing	0.2737	0.2922	0.7095	0.7077	0.7420	0.7244	3200	1.9375	0.0187
2	5	10	200	deviance	0.2601	0.2852	0.7139	0.7133	0.7378	0.7253	3200	0.6250	0.0000
3	5	10	200	deviance	0.2633	0.2837	0.7169	0.7153	0.7422	0.7285	3200	1.0625	0.0000
5	5	10	200	deviance	0.2587	0.2896	0.7100	0.7091	0.7334	0.7210	3200	1.7188	0.0031
2	5	10	400	gdi	0.2053	0.2423	0.7556	0.7562	0.7812	0.7685	3200	0.6406	0.0000
3	5	10	400	gdi	0.2045	0.2423	0.7554	0.7563	0.7862	0.7709	3200	1.2969	0.0000
5	5	10	400	gdi	0.2062	0.2460	0.7538	0.7537	0.7906	0.7717	3200	1.7500	0.0000
2	5	10	400	twoing	0.1883	0.2264	0.7722	0.7721	0.7869	0.7794	3200	0.9063	0.0000
3	5	10	400	twoing	0.1814	0.2200	0.7784	0.7788	0.7892	0.7840	3200	1.1563	0.0313
5	5	10	400	twoing	0.1854	0.2231	0.7774	0.7765	0.7889	0.7826	3200	1.8750	0.0000
2	5	10	400	deviance	0.1734	0.2098	0.7897	0.7897	0.7979	0.7937	3200	0.5625	0.0078
3	5	10	400	deviance	0.1667	0.2104	0.7876	0.7888	0.7933	0.7910	3200	0.9063	0.0000
5	5	10	400	deviance	0.1714	0.2106	0.7877	0.7879	0.7959	0.7919	3200	2.0938	0.0219
2	5	10	800	gdi	0.1148	0.1823	0.8187	0.8180	0.8203	0.8191	3200	1.0313	0.0469
3	5	10	800	gdi	0.1131	0.1775	0.8226	0.8223	0.8263	0.8243	3200	1.2188	0.0000
5	5	10	800	gdi	0.1103	0.1742	0.8248	0.8252	0.8271	0.8262	3200	1.5781	0.0063
2	5	10	800	twoing	0.1125	0.1742	0.8258	0.8247	0.8272	0.8260	3200	0.6875	0.0000
3	5	10	800	twoing	0.1084	0.1756	0.8245	0.8235	0.8251	0.8243	3200	1.2188	0.0313
5	5	10	800	twoing	0.1085	0.1736	0.8272	0.8263	0.8284	0.8273	3200	1.8750	0.0031
2	5	10	800	deviance	0.0986	0.1646	0.8345	0.8348	0.8363	0.8356	3200	0.8438	0.0000
3	5	10	800	deviance	0.0973	0.1663	0.8334	0.8331	0.8354	0.8343	3200	1.2813	0.0000
5	5	10	800	deviance	0.1020	0.1657	0.8339	0.8334	0.8357	0.8345	3200	1.9688	0.0406
2	5	10	1600	gdi	0.1022	0.1775	0.8233	0.8222	0.8236	0.8229	3200	0.8906	0.0000
3	5	10	1600	gdi	0.1004	0.1726	0.8278	0.8271	0.8291	0.8281	3200	0.9375	0.0000
5	5	10	1600	gdi	0.1008	0.1674	0.8325	0.8322	0.8348	0.8335	3200	1.8594	0.0500
2	5	10	1600	twoing	0.1042	0.1709	0.8286	0.8286	0.8306	0.8296	3200	0.6406	0.0078
3	5	10	1600	twoing	0.1039	0.1715	0.8281	0.8280	0.8293	0.8287	3200	1.1094	0.0104
5	5	10	1600	twoing	0.1035	0.1757	0.8245	0.8238	0.8257	0.8247	3200	1.5000	0.0063
2	5	10	1600	deviance	0.0982	0.1609	0.8383	0.8386	0.8404	0.8395	3200	0.9063	0.0000
3	5	10	1600	deviance	0.0970	0.1673	0.8333	0.8323	0.8342	0.8332	3200	1.1563	0.0000
5	5	10	1600	deviance	0.0960	0.1622	0.8374	0.8372	0.8384	0.8378	3200	1.8438	0.0031
2	5	12	25	gdi	0.6296	0.6340	0.3663	0.3624	NaN	NaN	3200	0.6875	0.0469
3	5	12	25	gdi	0.6257	0.6294	0.3675	0.3664	NaN	NaN	3200	1.0313	0.0000
5	5	12	25	gdi	0.6265	0.6268	0.3693	0.3684	NaN	NaN	3200	1.4063	0.0125
2	5	12	25	twoing	0.5118	0.5158	0.4838	0.4828	NaN	NaN	3200	0.5938	0.0000
3	5	12	25	twoing	0.5209	0.5252	0.4736	0.4739	NaN	NaN	3200	0.8750	0.0052
5	5	12	25	twoing	0.5126	0.5236	0.4766	0.4757	NaN	NaN	3200	1.3281	0.0000
2	5	12	25	deviance	0.5291	0.5347	0.4586	0.4624	NaN	NaN	3200	0.6406	0.0078
3	5	12	25	deviance	0.5228	0.5303	0.4684	0.4671	NaN	NaN	3200	0.8594	0.0052
5	5	12	25	deviance	0.5225	0.5257	0.4732	0.4713	NaN	NaN	3200	1.7188	0.0219
2	5	12	100	gdi	0.4030	0.4083	0.5923	0.5902	0.7199	0.6486	3200	0.5781	0.0078
3	5	12	100	gdi	0.3683	0.3747	0.6250	0.6233	0.7363	0.6751	3200	0.8750	0.0052
5	5	12	100	gdi	0.3709	0.3842	0.6147	0.6138	0.7335	0.6683	3200	1.3281	0.0219
2	5	12	100	twoing	0.3437	0.3517	0.6486	0.6480	0.7150	0.6798	3200	0.6250	0.0000
3	5	12	100	twoing	0.3418	0.3470	0.6529	0.6518	0.7027	0.6763	3200	0.9063	0.0052
5	5	12	100	twoing	0.3450	0.3595	0.6396	0.6391	0.7033	0.6697	3200	1.7656	0.0000
2	5	12	100	deviance	0.3316	0.3340	0.6658	0.6640	0.7057	0.6842	3200	0.6719	0.0000
3	5	12	100	deviance	0.3309	0.3447	0.6574	0.6546	0.7067	0.6796	3200	0.7969	0.0000
5	5	12	100	deviance	0.3256	0.3377	0.6590	0.6601	0.7117	0.6849	3200	1.6719	0.0000
2	5	12	150	gdi	0.3272	0.3344	0.6638	0.6639	0.7371	0.6986	3200	0.4531	0.0000
3	5	12	150	gdi	0.3264	0.3444	0.6545	0.6543	0.7331	0.6915	3200	1.0625	0.0052
5	5	12	150	gdi	0.3229	0.3442	0.6553	0.6541	0.7362	0.6927	3200	1.7188	0.0031
2	5	12	150	twoing	0.2983	0.3089	0.6922	0.6907	0.7262	0.7080	3200	0.7188	0.0000
3	5	12	150	twoing	0.2931	0.3124	0.6866	0.6866	0.7206	0.7032	3200	1.0781	0.0000
5	5	12	150	twoing	0.2915	0.3143	0.6856	0.6845	0.7192	0.7014	3200	1.3438	0.0063
2	5	12	150	deviance	0.2831	0.2994	0.7016	0.6994	0.7352	0.7168	3200	0.8281	0.0000
3	5	12	150	deviance	0.2785	0.3004	0.7000	0.6981	0.7224	0.7100	3200	0.8281	0.0052
5	5	12	150	deviance	0.2775	0.2915	0.7073	0.7068	0.7311	0.7188	3200	1.9688	0.0000
2	5	12	200	gdi	0.2818	0.2970	0.7011	0.7012	0.7587	0.7288	3200	0.8906	0.0000
3	5	12	200	gdi	0.2819	0.3000	0.6993	0.6988	0.7558	0.7262	3200	1.0469	0.0052
5	5	12	200	gdi	0.2834	0.3038	0.6948	0.6947	0.7431	0.7181	3200	2.0469	0.0000
2	5	12	200	twoing	0.2643	0.2751	0.7255	0.7243	0.7480	0.7359	3200	0.7969	0.0000
3	5	12	200	twoing	0.2676	0.2905	0.7095	0.7084	0.7398	0.7238	3200	0.8750	0.0000
5	5	12	200	twoing	0.2676	0.2870	0.7155	0.7130	0.7439	0.7281	3200	1.5781	0.0000
2	5	12	200	deviance	0.2583	0.2802	0.7212	0.7191	0.7420	0.7304	3200	0.5938	0.0000
3	5	12	200	deviance	0.2628	0.2849	0.7141	0.7131	0.7395	0.7260	3200	1.0625	0.0000
5	5	12	200	deviance	0.2631	0.2815	0.7176	0.7171	0.7433	0.7300	3200	1.6719	0.0031
2	5	12	400	gdi	0.2070	0.2483	0.7511	0.7508	0.7821	0.7661	3200	0.5625	0.0000
3	5	12	400	gdi	0.2036	0.2406	0.7571	0.7574	0.7865	0.7717	3200	1.0313	0.0000
5	5	12	400	gdi	0.2040	0.2351	0.7649	0.7641	0.7890	0.7763	3200	1.6875	0.0063
2	5	12	400	twoing	0.1886	0.2325	0.7675	0.7667	0.7790	0.7728	3200	0.6250	0.0156
3	5	12	400	twoing	0.1809	0.2244	0.7753	0.7749	0.7827	0.7787	3200	1.1563	0.0417
5	5	12	400	twoing	0.1862	0.2216	0.7782	0.7777	0.7866	0.7821	3200	1.5781	0.0063
2	5	12	400	deviance	0.1661	0.2155	0.7852	0.7832	0.7916	0.7874	3200	0.6563	0.0000
3	5	12	400	deviance	0.1655	0.2045	0.7959	0.7948	0.7993	0.7970	3200	1.5625	0.0000
5	5	12	400	deviance	0.1659	0.2094	0.7905	0.7896	0.7955	0.7926	3200	1.6563	0.0187
2	5	12	800	gdi	0.1065	0.1738	0.8245	0.8249	0.8270	0.8260	3200	0.7969	0.0000
3	5	12	800	gdi	0.1091	0.1692	0.8309	0.8305	0.8326	0.8316	3200	1.2031	0.0000
5	5	12	800	gdi	0.1091	0.1720	0.8274	0.8277	0.8290	0.8284	3200	2.1875	0.0031
2	5	12	800	twoing	0.1083	0.1784	0.8216	0.8211	0.8229	0.8220	3200	0.8125	0.0000
3	5	12	800	twoing	0.1106	0.1768	0.8230	0.8222	0.8240	0.8231	3200	0.9063	0.0000
5	5	12	800	twoing	0.1112	0.1725	0.8266	0.8266	0.8280	0.8273	3200	1.9531	0.0031
2	5	12	800	deviance	0.1050	0.1642	0.8358	0.8355	0.8378	0.8367	3200	0.6406	0.0000
3	5	12	800	deviance	0.1013	0.1658	0.8343	0.8337	0.8358	0.8348	3200	1.0469	0.0052
5	5	12	800	deviance	0.1029	0.1608	0.8396	0.8385	0.8410	0.8397	3200	1.9375	0.0313
2	5	12	1600	gdi	0.1088	0.1648	0.8359	0.8353	0.8371	0.8362	3200	0.6875	0.0078
3	5	12	1600	gdi	0.1081	0.1747	0.8253	0.8252	0.8280	0.8266	3200	1.2031	0.0104
5	5	12	1600	gdi	0.1070	0.1712	0.8285	0.8286	0.8301	0.8294	3200	2.5781	0.0000
2	5	12	1600	twoing	0.1128	0.1713	0.8305	0.8283	0.8302	0.8292	3200	0.7188	0.0078
3	5	12	1600	twoing	0.1074	0.1774	0.8223	0.8220	0.8244	0.8232	3200	1.1563	0.0313
5	5	12	1600	twoing	0.1096	0.1777	0.8216	0.8215	0.8232	0.8223	3200	1.7813	0.0219
2	5	12	1600	deviance	0.1004	0.1680	0.8322	0.8319	0.8336	0.8328	3200	0.6719	0.0000
3	5	12	1600	deviance	0.1036	0.1677	0.8314	0.8313	0.8327	0.8320	3200	0.9375	0.0000
5	5	12	1600	deviance	0.1031	0.1704	0.8291	0.8288	0.8302	0.8295	3200	1.5000	0.0000
2	5	14	25	gdi	0.6284	0.6283	0.3711	0.3679	NaN	NaN	3200	0.5781	0.0078
3	5	14	25	gdi	0.6264	0.6338	0.3629	0.3617	NaN	NaN	3200	0.8906	0.0000
5	5	14	25	gdi	0.6264	0.6249	0.3723	0.3709	NaN	NaN	3200	1.3594	0.0031
2	5	14	25	twoing	0.5127	0.5134	0.4863	0.4852	NaN	NaN	3200	0.7344	0.0781
3	5	14	25	twoing	0.5163	0.5284	0.4703	0.4710	NaN	NaN	3200	0.8438	0.0000
5	5	14	25	twoing	0.5092	0.5112	0.4896	0.4883	NaN	NaN	3200	1.6250	0.0000
2	5	14	25	deviance	0.5278	0.5293	0.4708	0.4694	NaN	NaN	3200	0.5625	0.0000
3	5	14	25	deviance	0.5284	0.5276	0.4735	0.4706	NaN	NaN	3200	0.9531	0.0000
5	5	14	25	deviance	0.5282	0.5279	0.4693	0.4698	NaN	NaN	3200	1.3750	0.0094
2	5	14	100	gdi	0.3662	0.3808	0.6167	0.6173	0.7303	0.6690	3200	0.5781	0.0078
3	5	14	100	gdi	0.3694	0.3767	0.6231	0.6214	0.7351	0.6735	3200	1.1406	0.0000
5	5	14	100	gdi	0.3667	0.3841	0.6155	0.6137	0.7293	0.6665	3200	1.9219	0.0000
2	5	14	100	twoing	0.3413	0.3579	0.6447	0.6420	0.7023	0.6707	3200	0.7188	0.0000
3	5	14	100	twoing	0.3410	0.3515	0.6475	0.6474	0.7025	0.6738	3200	1.0938	0.0052
5	5	14	100	twoing	0.3396	0.3522	0.6482	0.6468	0.7084	0.6761	3200	1.8281	0.0000
2	5	14	100	deviance	0.3266	0.3375	0.6598	0.6603	0.7147	0.6864	3200	0.7031	0.0078
3	5	14	100	deviance	0.3234	0.3388	0.6565	0.6581	0.7102	0.6831	3200	0.9688	0.0000
5	5	14	100	deviance	0.3234	0.3359	0.6648	0.6624	0.7132	0.6868	3200	1.9375	0.0000
2	5	14	150	gdi	0.3259	0.3399	0.6598	0.6593	0.7447	0.6994	3200	0.8906	0.0000
3	5	14	150	gdi	0.3319	0.3500	0.6489	0.6482	0.7333	0.6881	3200	1.0625	0.0000
5	5	14	150	gdi	0.3252	0.3424	0.6597	0.6569	0.7378	0.6950	3200	1.7188	0.0063
2	5	14	150	twoing	0.2890	0.3192	0.6808	0.6795	0.7149	0.6967	3200	0.7500	0.0000
3	5	14	150	twoing	0.2947	0.3173	0.6851	0.6826	0.7234	0.7024	3200	1.0469	0.0000
5	5	14	150	twoing	0.2901	0.3060	0.6958	0.6932	0.7242	0.7084	3200	1.8281	0.0375
2	5	14	150	deviance	0.2777	0.2988	0.7006	0.6998	0.7302	0.7147	3200	0.5313	0.0000
3	5	14	150	deviance	0.2774	0.2988	0.6991	0.6994	0.7327	0.7156	3200	0.7656	0.0052
5	5	14	150	deviance	0.2792	0.2950	0.7039	0.7034	0.7339	0.7183	3200	1.6406	0.0000
2	5	14	200	gdi	0.2815	0.2985	0.6995	0.6994	0.7523	0.7249	3200	0.7031	0.0000
3	5	14	200	gdi	0.2843	0.3057	0.6948	0.6934	0.7470	0.7192	3200	1.0000	0.0000
5	5	14	200	gdi	0.2820	0.3016	0.6969	0.6969	0.7502	0.7226	3200	1.5938	0.0094
2	5	14	200	twoing	0.2683	0.2926	0.7069	0.7066	0.7320	0.7190	3200	0.8438	0.0000
3	5	14	200	twoing	0.2614	0.2885	0.7122	0.7103	0.7291	0.7196	3200	0.9375	0.0000
5	5	14	200	twoing	0.2630	0.2817	0.7186	0.7172	0.7468	0.7317	3200	1.7031	0.0000
2	5	14	200	deviance	0.2568	0.2861	0.7158	0.7131	0.7433	0.7279	3200	0.7344	0.0156
3	5	14	200	deviance	0.2574	0.2787	0.7192	0.7196	0.7475	0.7332	3200	1.0156	0.0000
5	5	14	200	deviance	0.2590	0.2857	0.7148	0.7135	0.7401	0.7266	3200	1.7969	0.0344
2	5	14	400	gdi	0.1893	0.2251	0.7758	0.7742	0.7910	0.7825	3200	0.7188	0.0000
3	5	14	400	gdi	0.1997	0.2250	0.7757	0.7746	0.7999	0.7870	3200	1.3750	0.0000
5	5	14	400	gdi	0.1987	0.2361	0.7636	0.7632	0.7913	0.7770	3200	1.7656	0.0000
2	5	14	400	twoing	0.1779	0.2191	0.7806	0.7801	0.7874	0.7837	3200	0.5938	0.0000
3	5	14	400	twoing	0.1818	0.2185	0.7811	0.7808	0.7888	0.7848	3200	1.1875	0.0000
5	5	14	400	twoing	0.1802	0.2192	0.7799	0.7796	0.7868	0.7832	3200	1.9844	0.0656
2	5	14	400	deviance	0.1611	0.2042	0.7950	0.7957	0.8027	0.7992	3200	0.6406	0.0000
3	5	14	400	deviance	0.1703	0.2088	0.7895	0.7901	0.7954	0.7927	3200	1.1719	0.0052
5	5	14	400	deviance	0.1684	0.2124	0.7881	0.7872	0.7948	0.7910	3200	1.7344	0.0500
2	5	14	800	gdi	0.1160	0.1770	0.8248	0.8234	0.8258	0.8246	3200	0.6094	0.0000
3	5	14	800	gdi	0.1135	0.1818	0.8182	0.8182	0.8209	0.8195	3200	1.3906	0.0000
5	5	14	800	gdi	0.1133	0.1704	0.8287	0.8289	0.8314	0.8301	3200	2.4375	0.0344
2	5	14	800	twoing	0.1204	0.1785	0.8219	0.8211	0.8233	0.8222	3200	0.6875	0.0000
3	5	14	800	twoing	0.1187	0.1787	0.8210	0.8209	0.8220	0.8214	3200	1.0625	0.0365
5	5	14	800	twoing	0.1165	0.1778	0.8221	0.8219	0.8242	0.8231	3200	1.7656	0.0000
2	5	14	800	deviance	0.1070	0.1775	0.8220	0.8221	0.8231	0.8226	3200	1.0156	0.0078
3	5	14	800	deviance	0.1101	0.1654	0.8347	0.8342	0.8367	0.8354	3200	1.2813	0.0052
5	5	14	800	deviance	0.1095	0.1704	0.8299	0.8290	0.8307	0.8299	3200	1.8750	0.0187
2	5	14	1600	gdi	0.1152	0.1718	0.8277	0.8273	0.8291	0.8282	3200	0.8125	0.0000
3	5	14	1600	gdi	0.1161	0.1741	0.8269	0.8258	0.8285	0.8271	3200	1.1563	0.0313
5	5	14	1600	gdi	0.1154	0.1783	0.8209	0.8211	0.8220	0.8215	3200	1.7344	0.0000
2	5	14	1600	twoing	0.1170	0.1786	0.8220	0.8212	0.8230	0.8221	3200	0.5938	0.0078
3	5	14	1600	twoing	0.1186	0.1745	0.8253	0.8245	0.8268	0.8256	3200	1.0469	0.0000
5	5	14	1600	twoing	0.1185	0.1761	0.8233	0.8232	0.8252	0.8242	3200	1.8906	0.0063
2	5	14	1600	deviance	0.1094	0.1594	0.8400	0.8395	0.8410	0.8402	3200	0.9375	0.0000
3	5	14	1600	deviance	0.1103	0.1722	0.8267	0.8271	0.8294	0.8283	3200	1.0938	0.0104
5	5	14	1600	deviance	0.1115	0.1735	0.8265	0.8261	0.8279	0.8270	3200	1.5781	0.0000
2	7	6	25	gdi	0.6259	0.6254	0.3680	0.3698	NaN	NaN	3200	0.5469	0.0000
3	7	6	25	gdi	0.6251	0.6276	0.3694	0.3684	NaN	NaN	3200	1.0000	0.0000
5	7	6	25	gdi	0.6262	0.6304	0.3669	0.3658	NaN	NaN	3200	1.3438	0.0031
2	7	6	25	twoing	0.5191	0.5252	0.4717	0.4738	NaN	NaN	3200	0.5000	0.0078
3	7	6	25	twoing	0.5149	0.5187	0.4797	0.4800	NaN	NaN	3200	1.0313	0.0000
5	7	6	25	twoing	0.5153	0.5151	0.4849	0.4842	NaN	NaN	3200	1.5313	0.0187
2	7	6	25	deviance	0.5306	0.5357	0.4592	0.4626	NaN	NaN	3200	0.5156	0.0078
3	7	6	25	deviance	0.5248	0.5301	0.4685	0.4676	NaN	NaN	3200	0.8125	0.0000
5	7	6	25	deviance	0.5258	0.5265	0.4744	0.4717	NaN	NaN	3200	1.6406	0.0031
2	7	6	100	gdi	0.3669	0.3810	0.6194	0.6172	0.7385	0.6724	3200	0.4375	0.0000
3	7	6	100	gdi	0.3675	0.3762	0.6224	0.6216	0.7383	0.6749	3200	1.3438	0.0573
5	7	6	100	gdi	0.3673	0.3851	0.6176	0.6141	0.7220	0.6636	3200	1.6094	0.0031
2	7	6	100	twoing	0.3402	0.3529	0.6455	0.6460	0.6970	0.6706	3200	0.7031	0.0469
3	7	6	100	twoing	0.3447	0.3519	0.6506	0.6477	0.7069	0.6760	3200	0.9844	0.0000
5	7	6	100	twoing	0.3414	0.3513	0.6495	0.6477	0.7103	0.6775	3200	1.5781	0.0187
2	7	6	100	deviance	0.3228	0.3321	0.6691	0.6664	0.7190	0.6917	3200	0.7031	0.0000
3	7	6	100	deviance	0.3288	0.3385	0.6634	0.6599	0.7018	0.6802	3200	1.2813	0.0000
5	7	6	100	deviance	0.3192	0.3313	0.6675	0.6670	0.7064	0.6861	3200	1.6406	0.0000
2	7	6	150	gdi	0.3265	0.3422	0.6547	0.6557	0.7298	0.6907	3200	0.6875	0.0078
3	7	6	150	gdi	0.3309	0.3351	0.6643	0.6641	0.7378	0.6990	3200	1.0313	0.0000
5	7	6	150	gdi	0.3334	0.3465	0.6542	0.6521	0.7340	0.6906	3200	1.4688	0.0344
2	7	6	150	twoing	0.2884	0.3090	0.6897	0.6900	0.7235	0.7064	3200	0.6719	0.0000
3	7	6	150	twoing	0.2964	0.3131	0.6889	0.6867	0.7250	0.7053	3200	0.7344	0.0000
5	7	6	150	twoing	0.2933	0.3084	0.6925	0.6905	0.7227	0.7062	3200	1.6250	0.0031
2	7	6	150	deviance	0.2804	0.3025	0.6972	0.6959	0.7176	0.7066	3200	0.6563	0.0156
3	7	6	150	deviance	0.2795	0.2955	0.7036	0.7026	0.7320	0.7170	3200	1.4063	0.0573
5	7	6	150	deviance	0.2817	0.2988	0.6999	0.6995	0.7243	0.7116	3200	1.9063	0.0000
2	7	6	200	gdi	0.2853	0.2941	0.7047	0.7046	0.7518	0.7275	3200	0.5469	0.0156
3	7	6	200	gdi	0.2836	0.3023	0.6957	0.6965	0.7463	0.7205	3200	1.0313	0.0000
5	7	6	200	gdi	0.2816	0.3004	0.6992	0.6985	0.7494	0.7230	3200	1.7031	0.0031
2	7	6	200	twoing	0.2600	0.2897	0.7100	0.7092	0.7320	0.7204	3200	0.6875	0.0469
3	7	6	200	twoing	0.2615	0.2816	0.7191	0.7178	0.7381	0.7278	3200	1.0469	0.0000
5	7	6	200	twoing	0.2697	0.2846	0.7129	0.7137	0.7370	0.7251	3200	1.5625	0.0031
2	7	6	200	deviance	0.2577	0.2741	0.7259	0.7259	0.7478	0.7367	3200	0.6406	0.0000
3	7	6	200	deviance	0.2565	0.2811	0.7152	0.7166	0.7486	0.7322	3200	0.9375	0.0000
5	7	6	200	deviance	0.2612	0.2785	0.7193	0.7201	0.7472	0.7334	3200	1.7344	0.0031
2	7	6	400	gdi	0.2050	0.2342	0.7647	0.7651	0.7891	0.7769	3200	0.7188	0.0938
3	7	6	400	gdi	0.2012	0.2399	0.7590	0.7593	0.7885	0.7736	3200	0.9219	0.0104
5	7	6	400	gdi	0.1984	0.2303	0.7699	0.7690	0.7955	0.7820	3200	1.9219	0.0031
2	7	6	400	twoing	0.1867	0.2325	0.7664	0.7667	0.7783	0.7724	3200	0.9063	0.0469
3	7	6	400	twoing	0.1889	0.2238	0.7764	0.7761	0.7871	0.7816	3200	0.8906	0.0625
5	7	6	400	twoing	0.1878	0.2211	0.7776	0.7776	0.7857	0.7817	3200	1.6875	0.0281
2	7	6	400	deviance	0.1767	0.2187	0.7813	0.7807	0.7878	0.7843	3200	0.7500	0.0000
3	7	6	400	deviance	0.1729	0.2156	0.7843	0.7838	0.7901	0.7869	3200	1.2031	0.0000
5	7	6	400	deviance	0.1751	0.2132	0.7868	0.7859	0.7919	0.7889	3200	1.7031	0.0031
2	7	6	800	gdi	0.1258	0.1709	0.8289	0.8285	0.8306	0.8295	3200	0.8125	0.0078
3	7	6	800	gdi	0.1257	0.1867	0.8133	0.8129	0.8151	0.8140	3200	1.0469	0.0000
5	7	6	800	gdi	0.1263	0.1775	0.8221	0.8220	0.8242	0.8231	3200	2.0156	0.0219
2	7	6	800	twoing	0.1292	0.1792	0.8209	0.8201	0.8218	0.8210	3200	0.5781	0.0000
3	7	6	800	twoing	0.1273	0.1815	0.8181	0.8177	0.8198	0.8187	3200	1.1563	0.0313
5	7	6	800	twoing	0.1276	0.1906	0.8084	0.8089	0.8119	0.8104	3200	1.9375	0.0000
2	7	6	800	deviance	0.1204	0.1786	0.8231	0.8214	0.8237	0.8225	3200	0.7813	0.0000
3	7	6	800	deviance	0.1220	0.1747	0.8235	0.8248	0.8261	0.8255	3200	1.1875	0.0000
5	7	6	800	deviance	0.1197	0.1773	0.8220	0.8223	0.8232	0.8227	3200	1.7188	0.0031
2	7	6	1600	gdi	0.1261	0.1807	0.8186	0.8188	0.8202	0.8195	3200	0.6563	0.0000
3	7	6	1600	gdi	0.1264	0.1777	0.8225	0.8219	0.8246	0.8232	3200	1.1563	0.0104
5	7	6	1600	gdi	0.1258	0.1806	0.8191	0.8191	0.8206	0.8198	3200	1.7344	0.0031
2	7	6	1600	twoing	0.1284	0.1878	0.8108	0.8112	0.8134	0.8123	3200	0.9063	0.0547
3	7	6	1600	twoing	0.1273	0.1777	0.8215	0.8212	0.8231	0.8221	3200	0.9688	0.0052
5	7	6	1600	twoing	0.1287	0.1864	0.8133	0.8127	0.8145	0.8136	3200	1.7344	0.0219
2	7	6	1600	deviance	0.1223	0.1795	0.8208	0.8201	0.8237	0.8219	3200	0.7344	0.0078
3	7	6	1600	deviance	0.1212	0.1777	0.8214	0.8215	0.8229	0.8222	3200	1.0625	0.0104
5	7	6	1600	deviance	0.1206	0.1748	0.8234	0.8245	0.8262	0.8253	3200	1.8750	0.0375
2	7	8	25	gdi	0.6268	0.6359	0.3669	0.3609	NaN	NaN	3200	0.6250	0.0000
3	7	8	25	gdi	0.6265	0.6281	0.3733	0.3689	NaN	NaN	3200	0.7656	0.0000
5	7	8	25	gdi	0.6270	0.6303	0.3656	0.3656	NaN	NaN	3200	1.7188	0.0063
2	7	8	25	twoing	0.5120	0.5254	0.4689	0.4728	NaN	NaN	3200	0.5000	0.0078
3	7	8	25	twoing	0.5133	0.5156	0.4847	0.4836	NaN	NaN	3200	1.0938	0.0000
5	7	8	25	twoing	0.5101	0.5184	0.4800	0.4807	NaN	NaN	3200	1.5469	0.0187
2	7	8	25	deviance	0.5309	0.5415	0.4664	0.4583	NaN	NaN	3200	0.7031	0.0000
3	7	8	25	deviance	0.5311	0.5330	0.4655	0.4653	NaN	NaN	3200	0.5938	0.0052
5	7	8	25	deviance	0.5300	0.5297	0.4708	0.4688	NaN	NaN	3200	1.4688	0.0000
2	7	8	100	gdi	0.3706	0.3727	0.6261	0.6252	0.7377	0.6768	3200	0.6094	0.0078
3	7	8	100	gdi	0.3751	0.3786	0.6202	0.6203	0.7175	0.6654	3200	1.0938	0.0260
5	7	8	100	gdi	0.3798	0.3910	0.6069	0.6065	0.7299	0.6623	3200	1.4844	0.0187
2	7	8	100	twoing	0.3399	0.3708	0.6302	0.6292	0.6939	0.6599	3200	0.6250	0.0078
3	7	8	100	twoing	0.3388	0.3547	0.6456	0.6444	0.7008	0.6714	3200	1.1094	0.0000
5	7	8	100	twoing	0.3419	0.3580	0.6415	0.6411	0.7031	0.6707	3200	1.4531	0.0094
2	7	8	100	deviance	0.3240	0.3502	0.6481	0.6479	0.6927	0.6696	3200	0.6250	0.0000
3	7	8	100	deviance	0.3227	0.3397	0.6578	0.6579	0.7085	0.6823	3200	0.8594	0.0208
5	7	8	100	deviance	0.3267	0.3410	0.6586	0.6578	0.7035	0.6799	3200	1.6094	0.0156
2	7	8	150	gdi	0.3280	0.3448	0.6530	0.6531	0.7447	0.6958	3200	0.5313	0.0000
3	7	8	150	gdi	0.3240	0.3420	0.6565	0.6562	0.7354	0.6935	3200	0.9688	0.0313
5	7	8	150	gdi	0.3282	0.3441	0.6565	0.6549	0.7341	0.6922	3200	1.5000	0.0187
2	7	8	150	twoing	0.2961	0.3065	0.6927	0.6924	0.7226	0.7072	3200	0.8281	0.0078
3	7	8	150	twoing	0.2908	0.3126	0.6862	0.6865	0.7267	0.7060	3200	1.2031	0.0313
5	7	8	150	twoing	0.2930	0.3194	0.6825	0.6801	0.7124	0.6959	3200	1.6406	0.0187
2	7	8	150	deviance	0.2764	0.3084	0.6914	0.6901	0.7198	0.7046	3200	0.6875	0.0000
3	7	8	150	deviance	0.2746	0.2996	0.6999	0.6995	0.7265	0.7128	3200	1.0313	0.0052
5	7	8	150	deviance	0.2789	0.2986	0.7011	0.6998	0.7328	0.7159	3200	2.0000	0.0000
2	7	8	200	gdi	0.2844	0.3022	0.6959	0.6966	0.7516	0.7230	3200	1.0625	0.0000
3	7	8	200	gdi	0.2842	0.3038	0.6939	0.6943	0.7587	0.7251	3200	1.2656	0.0052
5	7	8	200	gdi	0.2811	0.3048	0.6936	0.6937	0.7494	0.7205	3200	1.6719	0.0781
2	7	8	200	twoing	0.2638	0.2810	0.7202	0.7173	0.7416	0.7292	3200	0.6406	0.0000
3	7	8	200	twoing	0.2627	0.2915	0.7070	0.7075	0.7314	0.7193	3200	1.1563	0.0000
5	7	8	200	twoing	0.2658	0.2883	0.7129	0.7114	0.7413	0.7259	3200	1.4063	0.0031
2	7	8	200	deviance	0.2616	0.2808	0.7194	0.7184	0.7498	0.7337	3200	0.7656	0.0000
3	7	8	200	deviance	0.2551	0.2758	0.7256	0.7245	0.7424	0.7333	3200	1.1875	0.0313
5	7	8	200	deviance	0.2611	0.2746	0.7262	0.7246	0.7487	0.7364	3200	1.5938	0.0125
2	7	8	400	gdi	0.1970	0.2333	0.7659	0.7660	0.7919	0.7788	3200	0.8906	0.0000
3	7	8	400	gdi	0.1990	0.2386	0.7620	0.7614	0.7912	0.7760	3200	1.0625	0.0052
5	7	8	400	gdi	0.2016	0.2411	0.7588	0.7581	0.7850	0.7713	3200	1.7813	0.0000
2	7	8	400	twoing	0.1899	0.2297	0.7712	0.7697	0.7786	0.7741	3200	0.7813	0.0469
3	7	8	400	twoing	0.1869	0.2313	0.7691	0.7685	0.7784	0.7734	3200	1.4375	0.0000
5	7	8	400	twoing	0.1865	0.2297	0.7696	0.7692	0.7768	0.7730	3200	2.1094	0.0000
2	7	8	400	deviance	0.1702	0.2230	0.7802	0.7776	0.7848	0.7812	3200	0.6094	0.0000
3	7	8	400	deviance	0.1780	0.2159	0.7831	0.7838	0.7932	0.7885	3200	1.1719	0.0000
5	7	8	400	deviance	0.1707	0.2072	0.7923	0.7921	0.7974	0.7947	3200	1.8594	0.0063
2	7	8	800	gdi	0.1243	0.1793	0.8206	0.8206	0.8230	0.8218	3200	0.7813	0.0000
3	7	8	800	gdi	0.1250	0.1756	0.8263	0.8246	0.8265	0.8256	3200	1.3438	0.0000
5	7	8	800	gdi	0.1262	0.1834	0.8163	0.8160	0.8191	0.8176	3200	1.7813	0.0000
2	7	8	800	twoing	0.1281	0.2034	0.7967	0.7963	0.8006	0.7984	3200	0.8438	0.0859
3	7	8	800	twoing	0.1290	0.1868	0.8123	0.8123	0.8137	0.8130	3200	1.2500	0.0052
5	7	8	800	twoing	0.1287	0.1871	0.8133	0.8124	0.8153	0.8139	3200	1.9688	0.0031
2	7	8	800	deviance	0.1222	0.1792	0.8198	0.8199	0.8217	0.8208	3200	0.7813	0.0000
3	7	8	800	deviance	0.1220	0.1802	0.8211	0.8203	0.8224	0.8213	3200	1.0781	0.0000
5	7	8	800	deviance	0.1209	0.1819	0.8176	0.8174	0.8195	0.8185	3200	1.5625	0.0031
2	7	8	1600	gdi	0.1259	0.1830	0.8173	0.8166	0.8197	0.8182	3200	0.6875	0.0000
3	7	8	1600	gdi	0.1270	0.1817	0.8177	0.8177	0.8204	0.8190	3200	1.2969	0.0313
5	7	8	1600	gdi	0.1265	0.1832	0.8168	0.8163	0.8187	0.8175	3200	1.9063	0.0031
2	7	8	1600	twoing	0.1316	0.1726	0.8263	0.8262	0.8280	0.8271	3200	0.8906	0.0000
3	7	8	1600	twoing	0.1269	0.1842	0.8153	0.8152	0.8178	0.8165	3200	1.2344	0.0052
5	7	8	1600	twoing	0.1281	0.1909	0.8101	0.8092	0.8117	0.8104	3200	1.8750	0.0031
2	7	8	1600	deviance	0.1237	0.1793	0.8214	0.8207	0.8223	0.8215	3200	0.7500	0.0000
3	7	8	1600	deviance	0.1215	0.1826	0.8164	0.8164	0.8187	0.8175	3200	0.9375	0.0000
5	7	8	1600	deviance	0.1210	0.1703	0.8295	0.8294	0.8306	0.8300	3200	1.6406	0.0031
2	7	10	25	gdi	0.6271	0.6333	0.3664	0.3633	NaN	NaN	3200	0.3750	0.0000
3	7	10	25	gdi	0.6265	0.6277	0.3647	0.3670	NaN	NaN	3200	0.7813	0.0365
5	7	10	25	gdi	0.6265	0.6305	0.3643	0.3653	NaN	NaN	3200	1.6875	0.0125
2	7	10	25	twoing	0.5110	0.5127	0.4859	0.4863	NaN	NaN	3200	0.6406	0.0078
3	7	10	25	twoing	0.5114	0.5161	0.4800	0.4837	NaN	NaN	3200	0.9844	0.0000
5	7	10	25	twoing	0.5112	0.5182	0.4794	0.4805	NaN	NaN	3200	1.5938	0.0000
2	7	10	25	deviance	0.5243	0.5397	0.4545	0.4572	NaN	NaN	3200	0.4844	0.0000
3	7	10	25	deviance	0.5291	0.5296	0.4724	0.4692	NaN	NaN	3200	0.7344	0.0000
5	7	10	25	deviance	0.5238	0.5324	0.4665	0.4655	NaN	NaN	3200	1.3281	0.0031
2	7	10	100	gdi	0.3659	0.3706	0.6294	0.6274	0.7241	0.6723	3200	0.7813	0.0469
3	7	10	100	gdi	0.3676	0.3783	0.6197	0.6190	0.7316	0.6706	3200	0.8438	0.0000
5	7	10	100	gdi	0.3712	0.3786	0.6225	0.6201	0.7316	0.6712	3200	1.3750	0.0344
2	7	10	100	twoing	0.3366	0.3531	0.6445	0.6453	0.7153	0.6785	3200	0.7656	0.0000
3	7	10	100	twoing	0.3405	0.3569	0.6419	0.6416	0.6990	0.6690	3200	0.9219	0.0052
5	7	10	100	twoing	0.3429	0.3464	0.6520	0.6526	0.7069	0.6786	3200	1.7031	0.0187
2	7	10	100	deviance	0.3265	0.3405	0.6567	0.6577	0.7081	0.6819	3200	0.4688	0.0156
3	7	10	100	deviance	0.3205	0.3384	0.6585	0.6594	0.7086	0.6830	3200	0.8438	0.0000
5	7	10	100	deviance	0.3271	0.3363	0.6646	0.6626	0.7175	0.6889	3200	1.6250	0.0000
2	7	10	150	gdi	0.3298	0.3286	0.6716	0.6706	0.7517	0.7088	3200	0.7656	0.0000
3	7	10	150	gdi	0.3241	0.3457	0.6567	0.6532	0.7358	0.6921	3200	0.9219	0.0104
5	7	10	150	gdi	0.3235	0.3484	0.6514	0.6507	0.7302	0.6881	3200	1.5313	0.0031
2	7	10	150	twoing	0.2922	0.3090	0.6919	0.6902	0.7279	0.7085	3200	0.7344	0.0078
3	7	10	150	twoing	0.2943	0.3047	0.6946	0.6945	0.7264	0.7101	3200	1.0938	0.0000
5	7	10	150	twoing	0.2924	0.3073	0.6909	0.6912	0.7235	0.7070	3200	1.4531	0.0031
2	7	10	150	deviance	0.2713	0.2890	0.7105	0.7099	0.7419	0.7256	3200	0.5000	0.0000
3	7	10	150	deviance	0.2806	0.2938	0.7067	0.7051	0.7414	0.7228	3200	1.1094	0.0313
5	7	10	150	deviance	0.2778	0.2944	0.7058	0.7044	0.7359	0.7198	3200	1.6563	0.0219
2	7	10	200	gdi	0.2839	0.2940	0.7078	0.7050	0.7666	0.7345	3200	0.7656	0.0469
3	7	10	200	gdi	0.2800	0.3096	0.6913	0.6896	0.7411	0.7145	3200	1.2188	0.0000
5	7	10	200	gdi	0.2827	0.3055	0.6941	0.6933	0.7452	0.7183	3200	1.5938	0.0187
2	7	10	200	twoing	0.2652	0.2824	0.7164	0.7169	0.7394	0.7280	3200	0.6719	0.0000
3	7	10	200	twoing	0.2668	0.2838	0.7155	0.7152	0.7419	0.7283	3200	1.1563	0.0000
5	7	10	200	twoing	0.2626	0.2755	0.7252	0.7242	0.7481	0.7359	3200	1.8125	0.0031
2	7	10	200	deviance	0.2598	0.2774	0.7234	0.7215	0.7455	0.7333	3200	0.8125	0.0000
3	7	10	200	deviance	0.2612	0.2905	0.7117	0.7090	0.7405	0.7244	3200	1.0156	0.0469
5	7	10	200	deviance	0.2616	0.2781	0.7206	0.7199	0.7441	0.7318	3200	1.6563	0.0000
2	7	10	400	gdi	0.1970	0.2326	0.7673	0.7666	0.7865	0.7764	3200	0.7813	0.0469
3	7	10	400	gdi	0.2017	0.2395	0.7581	0.7591	0.7839	0.7713	3200	0.9375	0.0104
5	7	10	400	gdi	0.1974	0.2290	0.7711	0.7705	0.7949	0.7825	3200	2.2813	0.0250
2	7	10	400	twoing	0.1871	0.2235	0.7755	0.7753	0.7864	0.7808	3200	0.6875	0.0000
3	7	10	400	twoing	0.1956	0.2243	0.7750	0.7758	0.7856	0.7807	3200	0.9531	0.0365
5	7	10	400	twoing	0.1905	0.2266	0.7729	0.7726	0.7821	0.7773	3200	1.7500	0.0063
2	7	10	400	deviance	0.1669	0.2196	0.7805	0.7792	0.7860	0.7826	3200	0.7188	0.0000
3	7	10	400	deviance	0.1778	0.2169	0.7817	0.7819	0.7886	0.7853	3200	1.0156	0.0052
5	7	10	400	deviance	0.1752	0.2136	0.7863	0.7852	0.7933	0.7893	3200	1.7344	0.0156
2	7	10	800	gdi	0.1277	0.1863	0.8145	0.8138	0.8150	0.8144	3200	0.8750	0.0000
3	7	10	800	gdi	0.1299	0.1797	0.8189	0.8192	0.8211	0.8202	3200	1.4688	0.0000
5	7	10	800	gdi	0.1269	0.1799	0.8204	0.8195	0.8213	0.8204	3200	1.7969	0.0000
2	7	10	800	twoing	0.1279	0.1804	0.8198	0.8191	0.8199	0.8195	3200	0.7344	0.0000
3	7	10	800	twoing	0.1265	0.1880	0.8103	0.8111	0.8131	0.8121	3200	1.1719	0.0313
5	7	10	800	twoing	0.1262	0.1870	0.8141	0.8132	0.8155	0.8144	3200	1.7813	0.0344
2	7	10	800	deviance	0.1243	0.1784	0.8200	0.8202	0.8205	0.8203	3200	0.9844	0.0000
3	7	10	800	deviance	0.1218	0.1815	0.8180	0.8177	0.8200	0.8189	3200	1.1875	0.0208
5	7	10	800	deviance	0.1202	0.1846	0.8153	0.8149	0.8177	0.8163	3200	1.8906	0.0406
2	7	10	1600	gdi	0.1280	0.1856	0.8139	0.8137	0.8163	0.8150	3200	0.8281	0.0000
3	7	10	1600	gdi	0.1257	0.1916	0.8085	0.8088	0.8103	0.8096	3200	1.2031	0.0000
5	7	10	1600	gdi	0.1261	0.1823	0.8177	0.8173	0.8196	0.8184	3200	1.9531	0.0031
2	7	10	1600	twoing	0.1280	0.1907	0.8092	0.8095	0.8119	0.8107	3200	0.9844	0.0391
3	7	10	1600	twoing	0.1276	0.1902	0.8102	0.8095	0.8118	0.8106	3200	1.0313	0.0000
5	7	10	1600	twoing	0.1278	0.1852	0.8138	0.8141	0.8167	0.8154	3200	1.9844	0.0531
2	7	10	1600	deviance	0.1196	0.1799	0.8184	0.8194	0.8200	0.8197	3200	0.6406	0.0078
3	7	10	1600	deviance	0.1227	0.1777	0.8217	0.8216	0.8237	0.8227	3200	1.0625	0.0000
5	7	10	1600	deviance	0.1224	0.1779	0.8227	0.8219	0.8238	0.8228	3200	1.9375	0.0000
2	7	12	25	gdi	0.6298	0.6254	0.3709	0.3704	NaN	NaN	3200	0.7344	0.0234
3	7	12	25	gdi	0.6284	0.6231	0.3767	0.3734	NaN	NaN	3200	1.0156	0.0000
5	7	12	25	gdi	0.6343	0.6346	0.3619	0.3613	NaN	NaN	3200	1.5000	0.0000
2	7	12	25	twoing	0.5111	0.5169	0.4823	0.4829	NaN	NaN	3200	0.5938	0.0078
3	7	12	25	twoing	0.5176	0.5230	0.4739	0.4758	NaN	NaN	3200	0.6250	0.0000
5	7	12	25	twoing	0.5126	0.5195	0.4801	0.4796	NaN	NaN	3200	1.4844	0.0000
2	7	12	25	deviance	0.5312	0.5390	0.4605	0.4596	NaN	NaN	3200	0.5781	0.0000
3	7	12	25	deviance	0.5186	0.5283	0.4710	0.4691	NaN	NaN	3200	0.8281	0.0000
5	7	12	25	deviance	0.5298	0.5293	0.4712	0.4691	NaN	NaN	3200	1.5625	0.0094
2	7	12	100	gdi	0.3689	0.3819	0.6197	0.6164	0.7353	0.6706	3200	0.7813	0.0000
3	7	12	100	gdi	0.3693	0.3807	0.6207	0.6181	0.7446	0.6755	3200	1.0313	0.0625
5	7	12	100	gdi	0.3663	0.3803	0.6184	0.6176	0.7281	0.6683	3200	1.5781	0.0000
2	7	12	100	twoing	0.3405	0.3463	0.6558	0.6533	0.7073	0.6792	3200	0.6406	0.0078
3	7	12	100	twoing	0.3405	0.3571	0.6440	0.6420	0.6987	0.6691	3200	1.0625	0.0052
5	7	12	100	twoing	0.3419	0.3589	0.6402	0.6400	0.6983	0.6678	3200	1.6250	0.0031
2	7	12	100	deviance	0.3201	0.3398	0.6600	0.6583	0.6953	0.6763	3200	0.8906	0.0000
3	7	12	100	deviance	0.3155	0.3393	0.6593	0.6585	0.7059	0.6814	3200	0.8125	0.0052
5	7	12	100	deviance	0.3281	0.3418	0.6588	0.6567	0.7033	0.6792	3200	1.5625	0.0000
2	7	12	150	gdi	0.3300	0.3388	0.6630	0.6607	0.7417	0.6988	3200	0.5156	0.0000
3	7	12	150	gdi	0.3276	0.3534	0.6467	0.6451	0.7224	0.6815	3200	1.1094	0.0313
5	7	12	150	gdi	0.3307	0.3461	0.6556	0.6532	0.7342	0.6913	3200	1.6719	0.0000
2	7	12	150	twoing	0.2936	0.3217	0.6789	0.6785	0.7177	0.6975	3200	0.6250	0.0000
3	7	12	150	twoing	0.2933	0.3099	0.6898	0.6888	0.7240	0.7059	3200	0.9531	0.0052
5	7	12	150	twoing	0.2897	0.3091	0.6899	0.6899	0.7248	0.7069	3200	1.8281	0.0000
2	7	12	150	deviance	0.2797	0.2878	0.7109	0.7107	0.7392	0.7246	3200	0.5938	0.0234
3	7	12	150	deviance	0.2795	0.2979	0.7027	0.7012	0.7257	0.7132	3200	1.2031	0.0000
5	7	12	150	deviance	0.2765	0.3057	0.6937	0.6933	0.7266	0.7095	3200	1.4688	0.0031
2	7	12	200	gdi	0.2841	0.2993	0.7011	0.6996	0.7577	0.7275	3200	0.7969	0.0078
3	7	12	200	gdi	0.2804	0.2966	0.7019	0.7025	0.7602	0.7302	3200	1.2031	0.0000
5	7	12	200	gdi	0.2851	0.2999	0.6996	0.6986	0.7601	0.7280	3200	1.8594	0.0031
2	7	12	200	twoing	0.2638	0.2890	0.7125	0.7109	0.7382	0.7243	3200	0.7500	0.0078
3	7	12	200	twoing	0.2674	0.2901	0.7059	0.7082	0.7367	0.7222	3200	1.0781	0.0000
5	7	12	200	twoing	0.2620	0.2857	0.7147	0.7131	0.7376	0.7251	3200	1.7813	0.0187
2	7	12	200	deviance	0.2587	0.2817	0.7181	0.7173	0.7494	0.7330	3200	0.4844	0.0156
3	7	12	200	deviance	0.2601	0.2774	0.7210	0.7210	0.7422	0.7314	3200	1.0000	0.0052
5	7	12	200	deviance	0.2605	0.2877	0.7112	0.7105	0.7340	0.7221	3200	2.0156	0.0000
2	7	12	400	gdi	0.2037	0.2309	0.7700	0.7686	0.8002	0.7840	3200	0.5313	0.0469
3	7	12	400	gdi	0.1968	0.2348	0.7649	0.7645	0.7852	0.7747	3200	1.2344	0.0052
5	7	12	400	gdi	0.1985	0.2295	0.7704	0.7698	0.7927	0.7811	3200	1.6875	0.0000
2	7	12	400	twoing	0.1917	0.2227	0.7758	0.7759	0.7860	0.7809	3200	0.5625	0.0469
3	7	12	400	twoing	0.1875	0.2215	0.7791	0.7771	0.7869	0.7820	3200	0.9531	0.0000
5	7	12	400	twoing	0.1866	0.2191	0.7809	0.7803	0.7896	0.7849	3200	1.8438	0.0469
2	7	12	400	deviance	0.1728	0.2136	0.7861	0.7862	0.7947	0.7904	3200	0.7500	0.0078
3	7	12	400	deviance	0.1813	0.2254	0.7744	0.7737	0.7797	0.7767	3200	0.9688	0.0000
5	7	12	400	deviance	0.1734	0.2156	0.7839	0.7832	0.7909	0.7870	3200	1.7500	0.0344
2	7	12	800	gdi	0.1272	0.1915	0.8077	0.8069	0.8094	0.8081	3200	0.6719	0.0078
3	7	12	800	gdi	0.1263	0.1811	0.8183	0.8186	0.8196	0.8191	3200	1.1094	0.0104
5	7	12	800	gdi	0.1256	0.1763	0.8238	0.8233	0.8254	0.8244	3200	2.0625	0.0000
2	7	12	800	twoing	0.1282	0.1781	0.8211	0.8213	0.8232	0.8223	3200	0.8438	0.0859
3	7	12	800	twoing	0.1285	0.1767	0.8226	0.8228	0.8255	0.8242	3200	1.2188	0.0313
5	7	12	800	twoing	0.1283	0.1819	0.8173	0.8173	0.8193	0.8183	3200	1.7344	0.0094
2	7	12	800	deviance	0.1239	0.1801	0.8200	0.8196	0.8204	0.8200	3200	0.7656	0.0000
3	7	12	800	deviance	0.1211	0.1720	0.8280	0.8274	0.8298	0.8286	3200	0.9531	0.0000
5	7	12	800	deviance	0.1208	0.1806	0.8204	0.8193	0.8209	0.8201	3200	1.7813	0.0187
2	7	12	1600	gdi	0.1247	0.1818	0.8187	0.8178	0.8209	0.8193	3200	0.5781	0.0000
3	7	12	1600	gdi	0.1247	0.1809	0.8184	0.8187	0.8205	0.8196	3200	1.0469	0.0052
5	7	12	1600	gdi	0.1264	0.1759	0.8244	0.8235	0.8254	0.8244	3200	2.0781	0.0250
2	7	12	1600	twoing	0.1284	0.1860	0.8133	0.8132	0.8142	0.8137	3200	0.7344	0.0000
3	7	12	1600	twoing	0.1278	0.1902	0.8106	0.8094	0.8117	0.8106	3200	1.0625	0.0052
5	7	12	1600	twoing	0.1275	0.1864	0.8133	0.8128	0.8160	0.8144	3200	1.6250	0.0031
2	7	12	1600	deviance	0.1171	0.1723	0.8269	0.8275	0.8281	0.8278	3200	0.7500	0.0000
3	7	12	1600	deviance	0.1230	0.1828	0.8171	0.8166	0.8186	0.8176	3200	1.4688	0.0000
5	7	12	1600	deviance	0.1206	0.1740	0.8265	0.8256	0.8281	0.8268	3200	1.9688	0.0000
2	7	14	25	gdi	0.6273	0.6302	0.3752	0.3672	NaN	NaN	3200	0.6719	0.0000
3	7	14	25	gdi	0.6284	0.6282	0.3697	0.3680	NaN	NaN	3200	1.0625	0.0052
5	7	14	25	gdi	0.6273	0.6327	0.3693	0.3641	NaN	NaN	3200	1.8281	0.0000
2	7	14	25	twoing	0.5210	0.5334	0.4619	0.4644	NaN	NaN	3200	0.5156	0.0000
3	7	14	25	twoing	0.5139	0.5278	0.4664	0.4701	NaN	NaN	3200	0.8594	0.0000
5	7	14	25	twoing	0.5129	0.5197	0.4751	0.4784	NaN	NaN	3200	1.1406	0.0031
2	7	14	25	deviance	0.5239	0.5315	0.4720	0.4673	NaN	NaN	3200	0.5938	0.0078
3	7	14	25	deviance	0.5267	0.5368	0.4651	0.4619	NaN	NaN	3200	0.8906	0.0000
5	7	14	25	deviance	0.5250	0.5259	0.4717	0.4715	NaN	NaN	3200	1.5469	0.0125
2	7	14	100	gdi	0.3709	0.3729	0.6256	0.6251	0.7448	0.6797	3200	0.5625	0.0000
3	7	14	100	gdi	0.3725	0.3788	0.6198	0.6197	0.7393	0.6742	3200	0.9531	0.0000
5	7	14	100	gdi	0.3713	0.3857	0.6144	0.6125	0.7238	0.6635	3200	1.6094	0.0219
2	7	14	100	twoing	0.3396	0.3506	0.6494	0.6478	0.7119	0.6783	3200	0.5000	0.0000
3	7	14	100	twoing	0.3423	0.3510	0.6484	0.6481	0.7085	0.6769	3200	0.9375	0.0000
5	7	14	100	twoing	0.3380	0.3549	0.6433	0.6434	0.6977	0.6694	3200	1.6875	0.0219
2	7	14	100	deviance	0.3245	0.3416	0.6591	0.6570	0.7035	0.6795	3200	0.5156	0.0000
3	7	14	100	deviance	0.3233	0.3360	0.6635	0.6623	0.7012	0.6812	3200	1.1250	0.0000
5	7	14	100	deviance	0.3312	0.3366	0.6621	0.6618	0.7193	0.6893	3200	1.5625	0.0000
2	7	14	150	gdi	0.3246	0.3361	0.6642	0.6630	0.7491	0.7034	3200	0.6875	0.0469
3	7	14	150	gdi	0.3270	0.3448	0.6551	0.6539	0.7272	0.6886	3200	0.6875	0.0000
5	7	14	150	gdi	0.3274	0.3386	0.6592	0.6597	0.7384	0.6968	3200	1.8281	0.0000
2	7	14	150	twoing	0.2940	0.3223	0.6784	0.6778	0.7144	0.6956	3200	0.6250	0.0234
3	7	14	150	twoing	0.2909	0.3044	0.6961	0.6951	0.7306	0.7123	3200	0.9063	0.0677
5	7	14	150	twoing	0.2944	0.3146	0.6853	0.6846	0.7254	0.7043	3200	1.8750	0.0063
2	7	14	150	deviance	0.2826	0.2987	0.7011	0.7005	0.7315	0.7156	3200	0.7031	0.0547
3	7	14	150	deviance	0.2785	0.2969	0.7009	0.7014	0.7324	0.7165	3200	1.0000	0.0313
5	7	14	150	deviance	0.2765	0.2963	0.7033	0.7023	0.7321	0.7169	3200	1.5313	0.0000
2	7	14	200	gdi	0.2832	0.3064	0.6933	0.6921	0.7520	0.7208	3200	0.7344	0.0000
3	7	14	200	gdi	0.2834	0.3057	0.6939	0.6931	0.7486	0.7198	3200	1.1250	0.0313
5	7	14	200	gdi	0.2809	0.3065	0.6927	0.6922	0.7498	0.7198	3200	1.8750	0.0406
2	7	14	200	twoing	0.2706	0.2892	0.7083	0.7091	0.7412	0.7248	3200	0.6250	0.0000
3	7	14	200	twoing	0.2675	0.2868	0.7126	0.7125	0.7416	0.7267	3200	0.9063	0.0000
5	7	14	200	twoing	0.2625	0.2784	0.7218	0.7206	0.7430	0.7316	3200	1.6250	0.0063
2	7	14	200	deviance	0.2604	0.2767	0.7230	0.7224	0.7388	0.7305	3200	0.6406	0.0000
3	7	14	200	deviance	0.2638	0.2860	0.7148	0.7124	0.7339	0.7229	3200	1.0625	0.0104
5	7	14	200	deviance	0.2608	0.2803	0.7204	0.7185	0.7427	0.7304	3200	1.8750	0.0000
2	7	14	400	gdi	0.2023	0.2368	0.7617	0.7621	0.7849	0.7733	3200	0.8438	0.0000
3	7	14	400	gdi	0.1971	0.2320	0.7690	0.7677	0.7945	0.7808	3200	0.9375	0.0000
5	7	14	400	gdi	0.1951	0.2351	0.7634	0.7638	0.7860	0.7747	3200	1.8594	0.0031
2	7	14	400	twoing	0.1854	0.2285	0.7720	0.7711	0.7804	0.7757	3200	0.5938	0.0078
3	7	14	400	twoing	0.1885	0.2226	0.7762	0.7760	0.7830	0.7795	3200	0.9844	0.0000
5	7	14	400	twoing	0.1880	0.2243	0.7742	0.7746	0.7843	0.7794	3200	1.8594	0.0000
2	7	14	400	deviance	0.1809	0.2188	0.7823	0.7807	0.7893	0.7850	3200	0.3906	0.0000
3	7	14	400	deviance	0.1746	0.2126	0.7860	0.7867	0.7934	0.7900	3200	1.2188	0.0052
5	7	14	400	deviance	0.1705	0.2134	0.7864	0.7857	0.7933	0.7895	3200	1.6094	0.0031
2	7	14	800	gdi	0.1231	0.1790	0.8194	0.8202	0.8214	0.8208	3200	0.7344	0.0547
3	7	14	800	gdi	0.1248	0.1827	0.8173	0.8171	0.8189	0.8180	3200	1.2344	0.0365
5	7	14	800	gdi	0.1250	0.1779	0.8223	0.8214	0.8235	0.8225	3200	1.8750	0.0031
2	7	14	800	twoing	0.1289	0.1870	0.8122	0.8124	0.8152	0.8138	3200	0.8438	0.0000
3	7	14	800	twoing	0.1247	0.1837	0.8158	0.8156	0.8187	0.8171	3200	0.9375	0.0000
5	7	14	800	twoing	0.1288	0.1857	0.8144	0.8137	0.8168	0.8153	3200	1.8750	0.0000
2	7	14	800	deviance	0.1209	0.1805	0.8202	0.8191	0.8210	0.8200	3200	0.7031	0.0703
3	7	14	800	deviance	0.1215	0.1746	0.8235	0.8242	0.8256	0.8249	3200	1.3438	0.0000
5	7	14	800	deviance	0.1227	0.1788	0.8210	0.8206	0.8225	0.8216	3200	1.9531	0.0344
2	7	14	1600	gdi	0.1264	0.1823	0.8186	0.8181	0.8202	0.8191	3200	0.7813	0.0469
3	7	14	1600	gdi	0.1248	0.1858	0.8131	0.8138	0.8166	0.8152	3200	1.0938	0.0000
5	7	14	1600	gdi	0.1247	0.1792	0.8201	0.8203	0.8218	0.8210	3200	2.0000	0.0000
2	7	14	1600	twoing	0.1248	0.1853	0.8141	0.8132	0.8153	0.8143	3200	0.5156	0.0000
3	7	14	1600	twoing	0.1281	0.1856	0.8148	0.8140	0.8161	0.8150	3200	1.0469	0.0000
5	7	14	1600	twoing	0.1282	0.1844	0.8150	0.8149	0.8173	0.8161	3200	1.8281	0.0031
2	7	14	1600	deviance	0.1222	0.1815	0.8184	0.8184	0.8207	0.8195	3200	0.6875	0.0000
3	7	14	1600	deviance	0.1208	0.1801	0.8190	0.8190	0.8211	0.8200	3200	1.0156	0.0000
5	7	14	1600	deviance	0.1205	0.1763	0.8223	0.8228	0.8249	0.8238	3200	1.8281	0.0344
